datetime,open,high,low,close
2024-12-22 14:30:00,0.975,0.9755,0.9647,0.9727
2024-12-22 14:15:00,0.9923,0.9931,0.9731,0.9749
2024-12-22 14:00:00,0.9962,1.0018,0.9866,0.9926
2024-12-22 13:45:00,1.0024,1.0024,0.9919,0.9963
2024-12-22 13:30:00,1.0011,1.0062,0.9978,1.0026
2024-12-22 13:15:00,1.001,1.0055,0.9977,1.001
2024-12-22 13:00:00,0.9978,1.0019,0.9902,1.0016
2024-12-22 12:45:00,1.0034,1.0043,0.9972,0.9978
2024-12-22 12:30:00,1.0022,1.0116,0.9987,1.0032
2024-12-22 12:15:00,0.9966,1.0024,0.9966,1.002
2024-12-22 12:00:00,1.0075,1.0079,0.9931,0.9965
2024-12-22 11:45:00,1.0046,1.0089,1.001,1.0078
2024-12-22 11:30:00,1.0026,1.0071,0.9987,1.0059
2024-12-22 11:15:00,1.0066,1.0091,0.9999,1.0026
2024-12-22 11:00:00,1.0059,1.0117,1.0036,1.0069
2024-12-22 10:45:00,1.0072,1.0109,1.0038,1.0059
2024-12-22 10:30:00,1.01,1.0138,1.0061,1.0078
2024-12-22 10:15:00,1.0088,1.0184,1.0078,1.0098
2024-12-22 10:00:00,1.0003,1.0173,1.0002,1.0085
2024-12-22 09:45:00,0.9979,1.0071,0.9979,1.0011
2024-12-22 09:30:00,0.9828,1,0.9822,0.9979
2024-12-22 09:15:00,0.9801,0.9865,0.9799,0.9828
2024-12-22 09:00:00,0.9768,0.9801,0.9739,0.9801
2024-12-22 08:45:00,0.9768,0.9799,0.9746,0.9768
2024-12-22 08:30:00,0.9755,0.9775,0.9725,0.977
2024-12-22 08:15:00,0.9723,0.981,0.9685,0.9755
2024-12-22 08:00:00,0.9722,0.9789,0.9711,0.9722
2024-12-22 07:45:00,0.9682,0.9723,0.9651,0.9722
2024-12-22 07:30:00,0.9673,0.9704,0.9638,0.9681
2024-12-22 07:15:00,0.9672,0.9678,0.9615,0.9673
2024-12-22 07:00:00,0.9697,0.9724,0.9633,0.9673
2024-12-22 06:45:00,0.9696,0.9739,0.9653,0.9696
2024-12-22 06:30:00,0.9624,0.9695,0.9593,0.9695
2024-12-22 06:15:00,0.9587,0.9684,0.9567,0.9626
2024-12-22 06:00:00,0.953,0.96,0.9496,0.9588
2024-12-22 05:45:00,0.952,0.9622,0.9509,0.9528
2024-12-22 05:30:00,0.9465,0.9602,0.9454,0.9518
2024-12-22 05:15:00,0.935,0.9487,0.9345,0.9465
2024-12-22 05:00:00,0.9444,0.9491,0.9306,0.935
2024-12-22 04:45:00,0.9503,0.9548,0.9441,0.9442
2024-12-22 04:30:00,0.9624,0.9633,0.9503,0.9503
2024-12-22 04:15:00,0.9681,0.9685,0.959,0.9621
2024-12-22 04:00:00,0.9697,0.9722,0.9643,0.9681
2024-12-22 03:45:00,0.9675,0.9699,0.9592,0.9699
2024-12-22 03:30:00,0.9693,0.9742,0.9664,0.9678
2024-12-22 03:15:00,0.9579,0.9759,0.9558,0.9693
2024-12-22 03:00:00,0.9666,0.9681,0.9546,0.9578
2024-12-22 02:45:00,0.9644,0.9691,0.9616,0.9667
2024-12-22 02:30:00,0.9724,0.9736,0.9604,0.9646
2024-12-22 02:15:00,0.9729,0.9771,0.9661,0.9726
2024-12-22 02:00:00,0.9699,0.9754,0.9678,0.9726
2024-12-22 01:45:00,0.9574,0.9716,0.9561,0.97
2024-12-22 01:30:00,0.9682,0.9682,0.9548,0.9573
2024-12-22 01:15:00,0.9733,0.9739,0.9652,0.9685
2024-12-22 01:00:00,0.9689,0.9778,0.9638,0.9733
2024-12-22 00:45:00,0.9798,0.9822,0.9652,0.9689
2024-12-22 00:30:00,0.9708,0.9817,0.9652,0.9797
2024-12-22 00:15:00,0.9647,0.9733,0.961,0.9709
2024-12-22 00:00:00,0.9685,0.9737,0.9585,0.9649
2024-12-21 23:45:00,0.9579,0.9697,0.9569,0.9682
2024-12-21 23:30:00,0.9667,0.9667,0.9505,0.9582
2024-12-21 23:15:00,0.9625,0.9698,0.9593,0.9664
2024-12-21 23:00:00,0.9639,0.9668,0.9529,0.9624
2024-12-21 22:45:00,0.972,0.9731,0.9594,0.9636
2024-12-21 22:30:00,0.9764,0.9765,0.9685,0.9722
2024-12-21 22:15:00,0.9585,0.9765,0.9575,0.9765
2024-12-21 22:00:00,0.9694,0.9699,0.9542,0.9585
2024-12-21 21:45:00,0.9706,0.9736,0.9648,0.9698
2024-12-21 21:30:00,0.9728,0.9782,0.9633,0.971
2024-12-21 21:15:00,0.98,0.98,0.9683,0.9729
2024-12-21 21:00:00,0.9855,0.9897,0.9781,0.9801
2024-12-21 20:45:00,0.9841,0.9884,0.9788,0.9847
2024-12-21 20:30:00,0.9852,0.9893,0.9803,0.9839
2024-12-21 20:15:00,0.9857,0.993,0.9805,0.985
2024-12-21 20:00:00,0.9788,0.9905,0.969,0.9855
2024-12-21 19:45:00,0.97,0.9789,0.9579,0.9788
2024-12-21 19:30:00,0.9701,0.9757,0.9555,0.97
2024-12-21 19:15:00,0.9782,0.9802,0.9659,0.9701
2024-12-21 19:00:00,0.9891,0.9911,0.97,0.9784
2024-12-21 18:45:00,0.9951,0.9951,0.9832,0.9891
2024-12-21 18:30:00,1.0072,1.0094,0.9896,0.9945
2024-12-21 18:15:00,1.0067,1.0153,1.0051,1.0067
2024-12-21 18:00:00,1.0167,1.0185,1.005,1.0066
2024-12-21 17:45:00,1.0086,1.0227,1.0079,1.0167
2024-12-21 17:30:00,1.0136,1.0177,1.002,1.0082
2024-12-21 17:15:00,1.0116,1.02,1.0039,1.0137
2024-12-21 17:00:00,1.0158,1.0249,1.0046,1.0112
2024-12-21 16:45:00,1.0104,1.0206,1.0091,1.0156
2024-12-21 16:30:00,1.0207,1.0253,1.0081,1.0102
2024-12-21 16:15:00,1.0198,1.0299,1.0142,1.0205
2024-12-21 16:00:00,1.0257,1.0264,1.0008,1.02
2024-12-21 15:45:00,1.0207,1.031,1.0201,1.0255
2024-12-21 15:30:00,1.023,1.029,1.0188,1.0203
2024-12-21 15:15:00,1.0187,1.0281,1.018,1.0231
2024-12-21 15:00:00,1.0104,1.0261,1.0104,1.0188
2024-12-21 14:45:00,1.0081,1.027,1.0077,1.0101
2024-12-21 14:30:00,1.019,1.0252,1.0061,1.0081
2024-12-21 14:15:00,1.029,1.0311,1.0108,1.0198
2024-12-21 14:00:00,1.0214,1.0328,1.0204,1.0288
2024-12-21 13:45:00,1.0263,1.0409,1.0184,1.0217
2024-12-21 13:30:00,1.01,1.0307,1.0028,1.0263
2024-12-21 13:15:00,1.0361,1.037,1.008,1.0098
2024-12-21 13:00:00,1.0359,1.0476,1.035,1.0362
2024-12-21 12:45:00,1.0347,1.0489,1.0328,1.0358
2024-12-21 12:30:00,1.0552,1.0552,1.0322,1.0346
2024-12-21 12:15:00,1.0521,1.0626,1.0512,1.0554
2024-12-21 12:00:00,1.0683,1.0689,1.049,1.052
2024-12-21 11:45:00,1.0718,1.0758,1.068,1.0685
2024-12-21 11:30:00,1.0565,1.0719,1.0488,1.0715
2024-12-21 11:15:00,1.0656,1.0682,1.0535,1.0558
2024-12-21 11:00:00,1.0696,1.0727,1.0631,1.0657
2024-12-21 10:45:00,1.0639,1.0708,1.0619,1.0695
2024-12-21 10:30:00,1.0822,1.0822,1.0623,1.0641
2024-12-21 10:15:00,1.073,1.0826,1.0704,1.0822
2024-12-21 10:00:00,1.066,1.0747,1.0653,1.073
2024-12-21 09:45:00,1.0694,1.0714,1.0636,1.0662
2024-12-21 09:30:00,1.0685,1.0816,1.0659,1.0698
2024-12-21 09:15:00,1.0566,1.0697,1.0516,1.0686
2024-12-21 09:00:00,1.066,1.0674,1.0506,1.0563
2024-12-21 08:45:00,1.062,1.074,1.061,1.0658
2024-12-21 08:30:00,1.0704,1.0787,1.0616,1.062
2024-12-21 08:15:00,1.0801,1.0816,1.0688,1.0701
2024-12-21 08:00:00,1.0793,1.0881,1.0723,1.0801
2024-12-21 07:45:00,1.0924,1.0949,1.0788,1.0793
2024-12-21 07:30:00,1.0953,1.1008,1.0867,1.0926
2024-12-21 07:15:00,1.0797,1.0977,1.0743,1.0953
2024-12-21 07:00:00,1.075,1.0841,1.0727,1.0805
2024-12-21 06:45:00,1.0788,1.0818,1.0734,1.075
2024-12-21 06:30:00,1.0786,1.091,1.0752,1.0788
2024-12-21 06:15:00,1.0732,1.0812,1.0704,1.0784
2024-12-21 06:00:00,1.0821,1.0872,1.0723,1.0731
2024-12-21 05:45:00,1.0558,1.083,1.0547,1.0821
2024-12-21 05:30:00,1.0447,1.0589,1.0429,1.0556
2024-12-21 05:15:00,1.0581,1.0599,1.0413,1.0443
2024-12-21 05:00:00,1.0344,1.0597,1.0322,1.0587
2024-12-21 04:45:00,1.0302,1.0355,1.02,1.0344
2024-12-21 04:30:00,1.0197,1.0319,1.0196,1.0306
2024-12-21 04:15:00,1.0143,1.02,1.0114,1.0197
2024-12-21 04:00:00,1.0052,1.0144,1.0032,1.0143
2024-12-21 03:45:00,0.9994,1.0076,0.9994,1.005
2024-12-21 03:30:00,1.0014,1.006,0.998,0.9996
2024-12-21 03:15:00,1.0035,1.0102,1.0008,1.0016
2024-12-21 03:00:00,1.0069,1.0119,1.0011,1.003
2024-12-21 02:45:00,1.01,1.0109,1.0046,1.0067
2024-12-21 02:30:00,0.99,1.0105,0.9889,1.01
2024-12-21 02:15:00,0.9864,0.9943,0.9847,0.99
2024-12-21 02:00:00,0.9943,0.9956,0.9858,0.9863
2024-12-21 01:45:00,0.9999,1.0067,0.9942,0.9943
2024-12-21 01:30:00,1.001,1.0022,0.9929,1.0005
2024-12-21 01:15:00,1.0124,1.0183,1.0008,1.0009
2024-12-21 01:00:00,0.9929,1.0134,0.9911,1.0124
2024-12-21 00:45:00,0.9903,0.9943,0.9881,0.9929
2024-12-21 00:30:00,0.9886,0.9964,0.9869,0.9901
2024-12-21 00:15:00,0.9836,0.9927,0.9807,0.9888
2024-12-21 00:00:00,0.991,0.9959,0.9825,0.9837
2024-12-20 23:45:00,0.9915,0.994,0.989,0.9914
2024-12-20 23:30:00,0.9995,0.9997,0.9911,0.9914
2024-12-20 23:15:00,0.9996,1.0018,0.9948,0.9995
2024-12-20 23:00:00,0.9912,1.001,0.9885,0.9998
2024-12-20 22:45:00,0.9883,0.9975,0.9864,0.9913
2024-12-20 22:30:00,0.9916,0.9919,0.9834,0.9876
2024-12-20 22:15:00,0.9796,0.9937,0.9778,0.9914
2024-12-20 22:00:00,0.9773,0.9844,0.971,0.9798
2024-12-20 21:45:00,0.9697,0.9786,0.9662,0.9768
2024-12-20 21:30:00,0.9647,0.9718,0.9618,0.9696
2024-12-20 21:15:00,0.954,0.9695,0.954,0.9645
2024-12-20 21:00:00,0.9706,0.9784,0.9511,0.9537
2024-12-20 20:45:00,0.977,0.982,0.9691,0.9705
2024-12-20 20:30:00,0.9798,0.9815,0.9721,0.977
2024-12-20 20:15:00,0.9906,0.9915,0.979,0.9798
2024-12-20 20:00:00,0.9892,0.9956,0.9789,0.9907
2024-12-20 19:45:00,0.9921,0.9961,0.9868,0.9891
2024-12-20 19:30:00,0.9832,0.9957,0.9819,0.9924
2024-12-20 19:15:00,0.9721,0.9911,0.9716,0.9834
2024-12-20 19:00:00,0.9658,0.9747,0.9645,0.9723
2024-12-20 18:45:00,0.9637,0.9697,0.9615,0.9659
2024-12-20 18:30:00,0.966,0.9665,0.9577,0.9644
2024-12-20 18:15:00,0.9658,0.97,0.9625,0.9665
2024-12-20 18:00:00,0.9698,0.9747,0.9629,0.9658
2024-12-20 17:45:00,0.9733,0.9749,0.9657,0.9699
2024-12-20 17:30:00,0.9759,0.9761,0.9623,0.9733
2024-12-20 17:15:00,0.9694,0.9778,0.9638,0.976
2024-12-20 17:00:00,0.9633,0.971,0.9571,0.9698
2024-12-20 16:45:00,0.9783,0.9792,0.9564,0.9632
2024-12-20 16:30:00,0.9661,0.9832,0.96,0.9789
2024-12-20 16:15:00,0.9639,0.9711,0.9607,0.966
2024-12-20 16:00:00,0.9565,0.9661,0.9473,0.9637
2024-12-20 15:45:00,0.96,0.9664,0.9541,0.9561
2024-12-20 15:30:00,0.9635,0.9638,0.9547,0.9601
2024-12-20 15:15:00,0.9556,0.9649,0.9528,0.9636
2024-12-20 15:00:00,0.9427,0.956,0.9425,0.9558
2024-12-20 14:45:00,0.9523,0.953,0.9337,0.9427
2024-12-20 14:30:00,0.9449,0.9595,0.9407,0.952
2024-12-20 14:15:00,0.9385,0.954,0.9352,0.945
2024-12-20 14:00:00,0.9348,0.9384,0.9247,0.9384
2024-12-20 13:45:00,0.9269,0.94,0.9238,0.9345
2024-12-20 13:30:00,0.8897,0.9303,0.8891,0.9269
2024-12-20 13:15:00,0.9015,0.9017,0.8869,0.8895
2024-12-20 13:00:00,0.9054,0.9131,0.8982,0.9013
2024-12-20 12:45:00,0.9071,0.9132,0.9,0.9056
2024-12-20 12:30:00,0.9066,0.913,0.8943,0.9073
2024-12-20 12:15:00,0.8791,0.9073,0.8765,0.9065
2024-12-20 12:00:00,0.8531,0.8826,0.8508,0.8794
2024-12-20 11:45:00,0.8517,0.8708,0.8439,0.8528
2024-12-20 11:30:00,0.879,0.8807,0.85,0.8516
2024-12-20 11:15:00,0.885,0.8905,0.8739,0.879
2024-12-20 11:00:00,0.8804,0.899,0.8771,0.8848
2024-12-20 10:45:00,0.8871,0.8882,0.8756,0.8808
2024-12-20 10:30:00,0.8859,0.8985,0.8752,0.8871
2024-12-20 10:15:00,0.8603,0.8913,0.86,0.8857
2024-12-20 10:00:00,0.8875,0.8954,0.86,0.8602
2024-12-20 09:45:00,0.8935,0.9035,0.8863,0.8874
2024-12-20 09:30:00,0.9016,0.9076,0.8908,0.8935
2024-12-20 09:15:00,0.8828,0.9064,0.8806,0.9013
2024-12-20 09:00:00,0.8804,0.8893,0.8651,0.8828
2024-12-20 08:45:00,0.9071,0.912,0.8687,0.88
2024-12-20 08:30:00,0.9173,0.9268,0.9029,0.907
2024-12-20 08:15:00,0.9442,0.9475,0.9142,0.9174
2024-12-20 08:00:00,0.963,0.9641,0.935,0.9442
2024-12-20 07:45:00,0.9738,0.9766,0.9608,0.9631
2024-12-20 07:30:00,0.9831,0.9864,0.9683,0.9737
2024-12-20 07:15:00,0.9847,0.993,0.9784,0.9829
2024-12-20 07:00:00,0.951,0.9875,0.9506,0.9848
2024-12-20 06:45:00,0.9516,0.955,0.9397,0.9503
2024-12-20 06:30:00,0.9734,0.9765,0.9501,0.9516
2024-12-20 06:15:00,0.9815,0.9926,0.9723,0.9735
2024-12-20 06:00:00,0.9798,0.9879,0.9783,0.9815
2024-12-20 05:45:00,1.0007,1.0012,0.9796,0.9796
2024-12-20 05:30:00,0.9938,1.0025,0.9918,1.0009
2024-12-20 05:15:00,0.9976,1.0002,0.9893,0.9938
2024-12-20 05:00:00,0.9969,1.0026,0.9969,0.9977
2024-12-20 04:45:00,1.0045,1.0088,0.9962,0.9968
2024-12-20 04:30:00,1.0089,1.009,1.0013,1.0042
2024-12-20 04:15:00,1.0079,1.01,1.0018,1.0089
2024-12-20 04:00:00,1.007,1.0145,1.0052,1.0076
2024-12-20 03:45:00,1.0076,1.0127,1.0053,1.007
2024-12-20 03:30:00,1.0153,1.0159,1.0061,1.0075
2024-12-20 03:15:00,1.0172,1.0223,1.0141,1.0157
2024-12-20 03:00:00,1.0256,1.0281,1.0145,1.0173
2024-12-20 02:45:00,1.0287,1.031,1.0212,1.025
2024-12-20 02:30:00,1.0155,1.0299,1.0127,1.0287
2024-12-20 02:15:00,1.0082,1.0157,0.9974,1.0152
2024-12-20 02:00:00,1,1.0088,0.9899,1.0081
2024-12-20 01:45:00,1.0006,1.0086,0.9975,1
2024-12-20 01:30:00,1.005,1.0105,0.9949,1.0005
2024-12-20 01:15:00,1.0015,1.011,0.997,1.0049
2024-12-20 01:00:00,1.0021,1.0122,0.9957,1.0015
2024-12-20 00:45:00,1.0118,1.0139,0.9974,1.0023
2024-12-20 00:30:00,1.0019,1.012,1.0006,1.0117
2024-12-20 00:15:00,0.9874,1.0027,0.9771,1.0024
2024-12-20 00:00:00,0.995,1.0009,0.985,0.9873
2024-12-19 23:45:00,1.0021,1.0084,0.9943,0.995
2024-12-19 23:30:00,1.0034,1.0062,0.9979,1.0023
2024-12-19 23:15:00,1.009,1.0132,0.9982,1.0031
2024-12-19 23:00:00,1.0196,1.0196,1.0058,1.0092
2024-12-19 22:45:00,1.0114,1.025,1.0106,1.0196
2024-12-19 22:30:00,1.0139,1.0141,1.0089,1.0116
2024-12-19 22:15:00,1.0126,1.0205,1.0121,1.0136
2024-12-19 22:00:00,1.0153,1.023,1.0096,1.0123
2024-12-19 21:45:00,1.0209,1.0251,1.0138,1.0162
2024-12-19 21:30:00,1.0203,1.0262,1.0119,1.0207
2024-12-19 21:15:00,1.0046,1.0254,1.0005,1.0203
2024-12-19 21:00:00,1.0001,1.0156,0.9954,1.0048
2024-12-19 20:45:00,1.0126,1.018,0.9963,1.0001
2024-12-19 20:30:00,0.997,1.0142,0.9914,1.0131
2024-12-19 20:15:00,0.9782,1.0056,0.9713,0.9966
2024-12-19 20:00:00,1.0041,1.0069,0.9661,0.9784
2024-12-19 19:45:00,0.9987,1.0081,0.9789,1.004
2024-12-19 19:30:00,1.0124,1.0125,0.9908,0.9981
2024-12-19 19:15:00,1.0213,1.0213,1.0092,1.013
2024-12-19 19:00:00,1.0206,1.0369,1.0127,1.0219
2024-12-19 18:45:00,1.0027,1.0244,0.9969,1.0207
2024-12-19 18:30:00,1.0275,1.0276,0.9973,1.0026
2024-12-19 18:15:00,1.0207,1.03,0.9851,1.0277
2024-12-19 18:00:00,1.0442,1.0449,1.0126,1.0203
2024-12-19 17:45:00,1.0611,1.0631,1.0218,1.0443
2024-12-19 17:30:00,1.0794,1.0802,1.0599,1.0613
2024-12-19 17:15:00,1.0988,1.0994,1.0771,1.0793
2024-12-19 17:00:00,1.1064,1.1074,1.0964,1.0986
2024-12-19 16:45:00,1.1028,1.1092,1.0994,1.1064
2024-12-19 16:30:00,1.0984,1.111,1.0904,1.103
2024-12-19 16:15:00,1.1074,1.1098,1.098,1.0986
2024-12-19 16:00:00,1.1055,1.1077,1.0925,1.1075
2024-12-19 15:45:00,1.1025,1.1093,1.0939,1.1061
2024-12-19 15:30:00,1.0874,1.1031,1.0848,1.1028
2024-12-19 15:15:00,1.11,1.1102,1.082,1.0874
2024-12-19 15:00:00,1.1256,1.127,1.1054,1.11
2024-12-19 14:45:00,1.1403,1.1419,1.123,1.1256
2024-12-19 14:30:00,1.1461,1.1602,1.1379,1.14
2024-12-19 14:15:00,1.147,1.15,1.1412,1.1462
2024-12-19 14:00:00,1.1424,1.1538,1.1386,1.1468
2024-12-19 13:45:00,1.1359,1.1442,1.1348,1.1423
2024-12-19 13:30:00,1.1492,1.1522,1.1313,1.1358
2024-12-19 13:15:00,1.1444,1.1532,1.1407,1.1495
2024-12-19 13:00:00,1.1399,1.1467,1.1376,1.1443
2024-12-19 12:45:00,1.1357,1.1426,1.1345,1.14
2024-12-19 12:30:00,1.149,1.149,1.1344,1.1359
2024-12-19 12:15:00,1.1565,1.1566,1.1464,1.1491
2024-12-19 12:00:00,1.1574,1.1613,1.1514,1.1568
2024-12-19 11:45:00,1.1569,1.1619,1.1552,1.1575
2024-12-19 11:30:00,1.1663,1.1663,1.1549,1.1569
2024-12-19 11:15:00,1.1618,1.172,1.1611,1.1664
2024-12-19 11:00:00,1.1739,1.1743,1.1593,1.1616
2024-12-19 10:45:00,1.1721,1.1808,1.1656,1.1737
2024-12-19 10:30:00,1.1475,1.173,1.1458,1.1722
2024-12-19 10:15:00,1.1406,1.1526,1.1403,1.1475
2024-12-19 10:00:00,1.1492,1.1503,1.1388,1.1406
2024-12-19 09:45:00,1.1491,1.1508,1.1459,1.1486
2024-12-19 09:30:00,1.1452,1.1496,1.1437,1.1492
2024-12-19 09:15:00,1.1433,1.1511,1.1381,1.1454
2024-12-19 09:00:00,1.1366,1.1432,1.1362,1.1432
2024-12-19 08:45:00,1.1384,1.1405,1.1331,1.1367
2024-12-19 08:30:00,1.1436,1.1456,1.137,1.1385
2024-12-19 08:15:00,1.1384,1.1497,1.1375,1.1437
2024-12-19 08:00:00,1.154,1.154,1.1366,1.1383
2024-12-19 07:45:00,1.1494,1.1553,1.1444,1.1541
2024-12-19 07:30:00,1.1526,1.1555,1.1476,1.1494
2024-12-19 07:15:00,1.1394,1.1557,1.1388,1.1526
2024-12-19 07:00:00,1.1391,1.146,1.1377,1.1393
2024-12-19 06:45:00,1.141,1.154,1.139,1.139
2024-12-19 06:30:00,1.1262,1.1414,1.126,1.1412
2024-12-19 06:15:00,1.1312,1.1341,1.1244,1.1261
2024-12-19 06:00:00,1.1337,1.1365,1.126,1.1312
2024-12-19 05:45:00,1.1355,1.1367,1.1301,1.1337
2024-12-19 05:30:00,1.1319,1.1422,1.1314,1.1355
2024-12-19 05:15:00,1.1321,1.1385,1.1295,1.1319
2024-12-19 05:00:00,1.1195,1.1329,1.1195,1.1321
2024-12-19 04:45:00,1.1232,1.1254,1.1176,1.1194
2024-12-19 04:30:00,1.1294,1.1332,1.1197,1.1231
2024-12-19 04:15:00,1.1321,1.1357,1.123,1.1294
2024-12-19 04:00:00,1.1435,1.1435,1.1295,1.132
2024-12-19 03:45:00,1.1466,1.1471,1.141,1.1435
2024-12-19 03:30:00,1.1487,1.1557,1.1434,1.1467
2024-12-19 03:15:00,1.1512,1.1553,1.1425,1.1487
2024-12-19 03:00:00,1.1343,1.1518,1.1294,1.1511
2024-12-19 02:45:00,1.101,1.1343,1.0967,1.1343
2024-12-19 02:30:00,1.0752,1.1023,1.0746,1.1011
2024-12-19 02:15:00,1.0732,1.1006,1.0637,1.0755
2024-12-19 02:00:00,1.1166,1.121,1.0558,1.073
2024-12-19 01:45:00,1.1239,1.1353,1.1084,1.1163
2024-12-19 01:30:00,1.1319,1.1344,1.1215,1.124
2024-12-19 01:15:00,1.13,1.1441,1.1279,1.1317
2024-12-19 01:00:00,1.1477,1.149,1.1251,1.1299
2024-12-19 00:45:00,1.1291,1.148,1.1247,1.1476
2024-12-19 00:30:00,1.1411,1.1479,1.1281,1.1292
2024-12-19 00:15:00,1.1315,1.1421,1.1233,1.1412
2024-12-19 00:00:00,1.1125,1.1348,1.1003,1.1314
2024-12-18 23:45:00,1.1252,1.1265,1.1081,1.1125
2024-12-18 23:30:00,1.144,1.1441,1.1252,1.1252
2024-12-18 23:15:00,1.1364,1.1477,1.1352,1.144
2024-12-18 23:00:00,1.1505,1.1505,1.1351,1.1362
2024-12-18 22:45:00,1.1448,1.1619,1.1434,1.1505
2024-12-18 22:30:00,1.1624,1.1632,1.1448,1.145
2024-12-18 22:15:00,1.1596,1.1652,1.15,1.1624
2024-12-18 22:00:00,1.1583,1.1624,1.1493,1.1597
2024-12-18 21:45:00,1.1668,1.1673,1.158,1.1585
2024-12-18 21:30:00,1.1592,1.1782,1.1572,1.1671
2024-12-18 21:15:00,1.1698,1.1739,1.1509,1.1589
2024-12-18 21:00:00,1.1595,1.1709,1.1455,1.1698
2024-12-18 20:45:00,1.1409,1.1749,1.1353,1.1596
2024-12-18 20:30:00,1.166,1.1728,1.1395,1.1408
2024-12-18 20:15:00,1.1679,1.1738,1.1341,1.1664
2024-12-18 20:00:00,1.1803,1.196,1.091,1.168
2024-12-18 19:45:00,1.2194,1.2194,1.1795,1.1799
2024-12-18 19:30:00,1.2185,1.2351,1.2171,1.2194
2024-12-18 19:15:00,1.2198,1.2257,1.2062,1.2183
2024-12-18 19:00:00,1.2437,1.246,1.2097,1.2198
2024-12-18 18:45:00,1.2316,1.2448,1.216,1.2437
2024-12-18 18:30:00,1.2274,1.2412,1.2274,1.2315
2024-12-18 18:15:00,1.2285,1.2363,1.2238,1.2275
2024-12-18 18:00:00,1.2225,1.2286,1.2161,1.2286
2024-12-18 17:45:00,1.236,1.2363,1.2212,1.2222
2024-12-18 17:30:00,1.2052,1.2413,1.2047,1.2356
2024-12-18 17:15:00,1.204,1.2141,1.2,1.2055
2024-12-18 17:00:00,1.2155,1.2183,1.2,1.2037
2024-12-18 16:45:00,1.2095,1.219,1.2038,1.2154
2024-12-18 16:30:00,1.2176,1.2197,1.2075,1.2093
2024-12-18 16:15:00,1.227,1.2277,1.2082,1.2171
2024-12-18 16:00:00,1.2264,1.2342,1.219,1.227
2024-12-18 15:45:00,1.2274,1.2282,1.2141,1.2263
2024-12-18 15:30:00,1.2328,1.244,1.218,1.2273
2024-12-18 15:15:00,1.1963,1.2348,1.1956,1.2328
2024-12-18 15:00:00,1.2105,1.2105,1.1814,1.1963
2024-12-18 14:45:00,1.2714,1.2772,1.2,1.21
2024-12-18 14:30:00,1.293,1.294,1.2515,1.2713
2024-12-18 14:15:00,1.3269,1.3634,1.283,1.293
2024-12-18 14:00:00,1.2988,1.3368,1.2982,1.327
2024-12-18 13:45:00,1.2896,1.299,1.286,1.2985
2024-12-18 13:30:00,1.2982,1.3002,1.2878,1.2897
2024-12-18 13:15:00,1.2908,1.299,1.2893,1.2982
2024-12-18 13:00:00,1.284,1.2976,1.2797,1.2908
2024-12-18 12:45:00,1.2813,1.288,1.279,1.2839
2024-12-18 12:30:00,1.2825,1.2835,1.2706,1.2813
2024-12-18 12:15:00,1.2964,1.2964,1.2822,1.2825
2024-12-18 12:00:00,1.3011,1.3019,1.2948,1.2966
2024-12-18 11:45:00,1.3004,1.3016,1.2959,1.3012
2024-12-18 11:30:00,1.3052,1.307,1.2995,1.3005
2024-12-18 11:15:00,1.305,1.3082,1.3006,1.3053
2024-12-18 11:00:00,1.3023,1.3114,1.302,1.305
2024-12-18 10:45:00,1.2953,1.3051,1.2934,1.3024
2024-12-18 10:30:00,1.2969,1.2969,1.2869,1.2951
2024-12-18 10:15:00,1.3029,1.3029,1.2925,1.297
2024-12-18 10:00:00,1.3048,1.3065,1.3014,1.3031
2024-12-18 09:45:00,1.317,1.317,1.3023,1.305
2024-12-18 09:30:00,1.3113,1.3188,1.3107,1.3171
2024-12-18 09:15:00,1.3042,1.3124,1.3017,1.3114
2024-12-18 09:00:00,1.2904,1.3059,1.2869,1.3041
2024-12-18 08:45:00,1.2759,1.2909,1.2735,1.2905
2024-12-18 08:30:00,1.2759,1.2832,1.2694,1.2759
2024-12-18 08:15:00,1.2877,1.2877,1.2757,1.2759
2024-12-18 08:00:00,1.2868,1.2894,1.2831,1.288
2024-12-18 07:45:00,1.2908,1.2915,1.2853,1.2866
2024-12-18 07:30:00,1.2913,1.2919,1.2834,1.2909
2024-12-18 07:15:00,1.2921,1.2923,1.2865,1.2913
2024-12-18 07:00:00,1.2812,1.2927,1.2794,1.2921
2024-12-18 06:45:00,1.2696,1.2829,1.2654,1.2811
2024-12-18 06:30:00,1.287,1.2876,1.2693,1.2699
2024-12-18 06:15:00,1.2861,1.2907,1.2825,1.2873
2024-12-18 06:00:00,1.283,1.286,1.2801,1.286
2024-12-18 05:45:00,1.2874,1.2887,1.2774,1.2829
2024-12-18 05:30:00,1.2889,1.2959,1.2855,1.2874
2024-12-18 05:15:00,1.2813,1.2915,1.2792,1.2891
2024-12-18 05:00:00,1.2806,1.2826,1.2762,1.2814
2024-12-18 04:45:00,1.2743,1.2813,1.2641,1.2806
2024-12-18 04:30:00,1.2732,1.2766,1.2613,1.2743
2024-12-18 04:15:00,1.2825,1.2892,1.27,1.2737
2024-12-18 04:00:00,1.2879,1.2907,1.2803,1.2826
2024-12-18 03:45:00,1.3008,1.3013,1.2875,1.2879
2024-12-18 03:30:00,1.308,1.311,1.2982,1.3
2024-12-18 03:15:00,1.3045,1.3132,1.3044,1.3088
2024-12-18 03:00:00,1.3148,1.3211,1.3037,1.3046
2024-12-18 02:45:00,1.3179,1.3195,1.3132,1.3149
2024-12-18 02:30:00,1.3169,1.3225,1.3146,1.3173
2024-12-18 02:15:00,1.3099,1.318,1.3083,1.3164
2024-12-18 02:00:00,1.3032,1.3168,1.2984,1.3098
2024-12-18 01:45:00,1.312,1.3148,1.2982,1.3032
2024-12-18 01:30:00,1.3121,1.3213,1.3101,1.3122
2024-12-18 01:15:00,1.3146,1.3197,1.3121,1.3125
2024-12-18 01:00:00,1.3008,1.3162,1.2989,1.3149
2024-12-18 00:45:00,1.3013,1.3084,1.298,1.3007
2024-12-18 00:30:00,1.3116,1.3127,1.2931,1.3012
2024-12-18 00:15:00,1.3213,1.3254,1.3109,1.3124
2024-12-18 00:00:00,1.3183,1.3244,1.3146,1.3214
2024-12-17 23:45:00,1.3269,1.3287,1.3101,1.3182
2024-12-17 23:30:00,1.3272,1.3288,1.319,1.3268
2024-12-17 23:15:00,1.3171,1.3301,1.314,1.3272
2024-12-17 23:00:00,1.3287,1.3287,1.3119,1.317
2024-12-17 22:45:00,1.3322,1.3322,1.3228,1.3288
2024-12-17 22:30:00,1.3396,1.3453,1.332,1.3323
2024-12-17 22:15:00,1.3382,1.3421,1.3315,1.3396
2024-12-17 22:00:00,1.3474,1.3492,1.3364,1.3381
2024-12-17 21:45:00,1.3516,1.3526,1.3468,1.3473
2024-12-17 21:30:00,1.35,1.3515,1.3457,1.3512
2024-12-17 21:15:00,1.3482,1.3546,1.3481,1.3498
2024-12-17 21:00:00,1.3491,1.3491,1.3352,1.3481
2024-12-17 20:45:00,1.3545,1.3556,1.3482,1.3492
2024-12-17 20:30:00,1.3556,1.3596,1.3522,1.3546
2024-12-17 20:15:00,1.367,1.3699,1.3538,1.3554
2024-12-17 20:00:00,1.356,1.369,1.356,1.3669
2024-12-17 19:45:00,1.3526,1.3657,1.352,1.356
2024-12-17 19:30:00,1.3594,1.3599,1.3485,1.3526
2024-12-17 19:15:00,1.3528,1.363,1.3501,1.3594
2024-12-17 19:00:00,1.3466,1.38,1.33,1.3529
2024-12-17 18:45:00,1.352,1.3529,1.3435,1.3467
2024-12-17 18:30:00,1.3418,1.354,1.3417,1.352
2024-12-17 18:15:00,1.3511,1.3523,1.3372,1.3417
2024-12-17 18:00:00,1.3592,1.3592,1.3466,1.3511
2024-12-17 17:45:00,1.3546,1.3627,1.3542,1.3595
2024-12-17 17:30:00,1.3483,1.3588,1.3468,1.3548
2024-12-17 17:15:00,1.335,1.3525,1.334,1.3484
2024-12-17 17:00:00,1.3409,1.3438,1.3309,1.3345
2024-12-17 16:45:00,1.3436,1.3474,1.3365,1.3408
2024-12-17 16:30:00,1.3528,1.3532,1.3425,1.3438
2024-12-17 16:15:00,1.3594,1.3657,1.3517,1.3528
2024-12-17 16:00:00,1.3497,1.3618,1.3371,1.3595
2024-12-17 15:45:00,1.3448,1.3514,1.3414,1.3498
2024-12-17 15:30:00,1.3312,1.3483,1.3299,1.345
2024-12-17 15:15:00,1.3603,1.361,1.328,1.3311
2024-12-17 15:00:00,1.4033,1.4037,1.3583,1.3603
2024-12-17 14:45:00,1.3909,1.4067,1.3899,1.4035
2024-12-17 14:30:00,1.402,1.4054,1.383,1.391
2024-12-17 14:15:00,1.3968,1.4045,1.39,1.4016
2024-12-17 14:00:00,1.4004,1.4034,1.3923,1.3967
2024-12-17 13:45:00,1.3976,1.4034,1.3934,1.4002
2024-12-17 13:30:00,1.3946,1.4,1.3941,1.3976
2024-12-17 13:15:00,1.4003,1.4003,1.3928,1.3946
2024-12-17 13:00:00,1.3943,1.4005,1.3935,1.4003
2024-12-17 12:45:00,1.3958,1.4035,1.3916,1.3942
2024-12-17 12:30:00,1.3929,1.3975,1.392,1.3959
2024-12-17 12:15:00,1.3846,1.3942,1.3836,1.3928
2024-12-17 12:00:00,1.4049,1.406,1.3803,1.3846
2024-12-17 11:45:00,1.4085,1.4109,1.4016,1.4051
2024-12-17 11:30:00,1.4083,1.4134,1.4052,1.4083
2024-12-17 11:15:00,1.4104,1.4114,1.4005,1.4084
2024-12-17 11:00:00,1.4182,1.4187,1.4082,1.4105
2024-12-17 10:45:00,1.4128,1.4192,1.4106,1.4183
2024-12-17 10:30:00,1.4069,1.4164,1.4015,1.4127
2024-12-17 10:15:00,1.4127,1.4139,1.4037,1.407
2024-12-17 10:00:00,1.4125,1.4168,1.4069,1.4128
2024-12-17 09:45:00,1.4109,1.4165,1.4071,1.4124
2024-12-17 09:30:00,1.4057,1.4128,1.4019,1.4108
2024-12-17 09:15:00,1.3981,1.4076,1.3937,1.4057
2024-12-17 09:00:00,1.3884,1.4021,1.3883,1.3982
2024-12-17 08:45:00,1.3836,1.3905,1.3819,1.3886
2024-12-17 08:30:00,1.3871,1.3873,1.3808,1.3837
2024-12-17 08:15:00,1.3899,1.3917,1.3809,1.3868
2024-12-17 08:00:00,1.4046,1.409,1.3887,1.3899
2024-12-17 07:45:00,1.4068,1.4074,1.3975,1.4047
2024-12-17 07:30:00,1.4103,1.4112,1.406,1.4069
2024-12-17 07:15:00,1.4176,1.4176,1.4069,1.4103
2024-12-17 07:00:00,1.4153,1.4264,1.4137,1.4177
2024-12-17 06:45:00,1.4143,1.4198,1.4128,1.4153
2024-12-17 06:30:00,1.4176,1.4238,1.4122,1.414
2024-12-17 06:15:00,1.4159,1.4199,1.4126,1.4177
2024-12-17 06:00:00,1.4214,1.4223,1.4127,1.4158
2024-12-17 05:45:00,1.4108,1.423,1.4103,1.4214
2024-12-17 05:30:00,1.4116,1.4156,1.407,1.4109
2024-12-17 05:15:00,1.4031,1.4151,1.3984,1.4117
2024-12-17 05:00:00,1.3953,1.4102,1.3953,1.4035
2024-12-17 04:45:00,1.3987,1.4002,1.3911,1.3954
2024-12-17 04:30:00,1.4064,1.4075,1.3981,1.3986
2024-12-17 04:15:00,1.416,1.4166,1.406,1.4062
2024-12-17 04:00:00,1.4277,1.4298,1.414,1.4157
2024-12-17 03:45:00,1.4258,1.4322,1.4257,1.428
2024-12-17 03:30:00,1.4231,1.4279,1.4199,1.426
2024-12-17 03:15:00,1.4148,1.4257,1.4133,1.4232
2024-12-17 03:00:00,1.4055,1.4155,1.3997,1.4152
2024-12-17 02:45:00,1.4018,1.407,1.3998,1.4056
2024-12-17 02:30:00,1.398,1.4038,1.398,1.4017
2024-12-17 02:15:00,1.3958,1.3984,1.3903,1.398
2024-12-17 02:00:00,1.3955,1.3981,1.3941,1.3959
2024-12-17 01:45:00,1.3892,1.3966,1.3884,1.3955
2024-12-17 01:30:00,1.3992,1.4001,1.3884,1.3889
2024-12-17 01:15:00,1.3832,1.4008,1.3805,1.3991
2024-12-17 01:00:00,1.3753,1.391,1.375,1.3833
2024-12-17 00:45:00,1.3711,1.3802,1.3669,1.3761
2024-12-17 00:30:00,1.379,1.3822,1.3684,1.3708
2024-12-17 00:15:00,1.3894,1.3997,1.3771,1.3788
2024-12-17 00:00:00,1.3887,1.3957,1.3757,1.3896
2024-12-16 23:45:00,1.3874,1.3913,1.386,1.3885
2024-12-16 23:30:00,1.387,1.3891,1.3837,1.3873
2024-12-16 23:15:00,1.3905,1.3937,1.3855,1.3869
2024-12-16 23:00:00,1.3888,1.3938,1.3858,1.3905
2024-12-16 22:45:00,1.3888,1.3914,1.3853,1.389
2024-12-16 22:30:00,1.3931,1.3946,1.3877,1.3887
2024-12-16 22:15:00,1.3977,1.3987,1.3907,1.393
2024-12-16 22:00:00,1.3986,1.4053,1.3975,1.3977
2024-12-16 21:45:00,1.3958,1.3995,1.3929,1.3986
2024-12-16 21:30:00,1.3871,1.3963,1.3871,1.3959
2024-12-16 21:15:00,1.385,1.3889,1.3816,1.3871
2024-12-16 21:00:00,1.3829,1.3903,1.3798,1.3852
2024-12-16 20:45:00,1.3849,1.3849,1.3785,1.3828
2024-12-16 20:30:00,1.3883,1.3885,1.378,1.3851
2024-12-16 20:15:00,1.3896,1.3976,1.3875,1.3884
2024-12-16 20:00:00,1.3911,1.3936,1.3849,1.3898
2024-12-16 19:45:00,1.3942,1.3948,1.3862,1.3908
2024-12-16 19:30:00,1.3893,1.3967,1.3852,1.3941
2024-12-16 19:15:00,1.3974,1.3998,1.387,1.3893
2024-12-16 19:00:00,1.3936,1.4028,1.3901,1.3972
2024-12-16 18:45:00,1.3904,1.3986,1.3882,1.3933
2024-12-16 18:30:00,1.3884,1.3919,1.3819,1.3905
2024-12-16 18:15:00,1.3844,1.3898,1.3799,1.3884
2024-12-16 18:00:00,1.38,1.3862,1.38,1.3843
2024-12-16 17:45:00,1.3782,1.3802,1.3652,1.3799
2024-12-16 17:30:00,1.3825,1.3825,1.3749,1.3783
2024-12-16 17:15:00,1.3775,1.3849,1.373,1.3826
2024-12-16 17:00:00,1.3846,1.3883,1.3737,1.3773
2024-12-16 16:45:00,1.3794,1.3918,1.3788,1.3846
2024-12-16 16:30:00,1.3808,1.3898,1.3747,1.3792
2024-12-16 16:15:00,1.3858,1.3898,1.3739,1.3806
2024-12-16 16:00:00,1.3804,1.3879,1.3789,1.3859
2024-12-16 15:45:00,1.3811,1.3887,1.3776,1.3804
2024-12-16 15:30:00,1.3818,1.3818,1.3753,1.3812
2024-12-16 15:15:00,1.3832,1.3952,1.3811,1.382
2024-12-16 15:00:00,1.385,1.3948,1.3798,1.3828
2024-12-16 14:45:00,1.389,1.396,1.3803,1.3848
2024-12-16 14:30:00,1.3735,1.3915,1.373,1.389
2024-12-16 14:15:00,1.3572,1.3744,1.3568,1.3735
2024-12-16 14:00:00,1.3664,1.3686,1.3567,1.3573
2024-12-16 13:45:00,1.3693,1.3713,1.3636,1.3665
2024-12-16 13:30:00,1.3686,1.3711,1.3619,1.3692
2024-12-16 13:15:00,1.3654,1.3745,1.3616,1.3689
2024-12-16 13:00:00,1.3672,1.3744,1.3633,1.3653
2024-12-16 12:45:00,1.3652,1.3755,1.3587,1.3673
2024-12-16 12:30:00,1.3582,1.3702,1.3571,1.3653
2024-12-16 12:15:00,1.351,1.3616,1.3479,1.358
2024-12-16 12:00:00,1.344,1.3562,1.341,1.3508
2024-12-16 11:45:00,1.3545,1.3551,1.3401,1.3441
2024-12-16 11:30:00,1.3597,1.3613,1.351,1.3546
2024-12-16 11:15:00,1.3527,1.3656,1.3527,1.3597
2024-12-16 11:00:00,1.3592,1.3595,1.3524,1.3526
2024-12-16 10:45:00,1.3655,1.3694,1.3587,1.3593
2024-12-16 10:30:00,1.3604,1.3671,1.3603,1.3654
2024-12-16 10:15:00,1.3728,1.3757,1.3599,1.3605
2024-12-16 10:00:00,1.3815,1.3849,1.3715,1.3724
2024-12-16 09:45:00,1.3933,1.3943,1.3798,1.3812
2024-12-16 09:30:00,1.3753,1.3961,1.3749,1.3933
2024-12-16 09:15:00,1.374,1.3807,1.3704,1.3753
2024-12-16 09:00:00,1.379,1.3826,1.372,1.3739
2024-12-16 08:45:00,1.3778,1.3863,1.3758,1.3789
2024-12-16 08:30:00,1.3837,1.3887,1.3767,1.3777
2024-12-16 08:15:00,1.3904,1.3905,1.3818,1.3837
2024-12-16 08:00:00,1.4018,1.4047,1.3894,1.3903
2024-12-16 07:45:00,1.4004,1.4066,1.3988,1.4017
2024-12-16 07:30:00,1.3939,1.4018,1.3917,1.4006
2024-12-16 07:15:00,1.3891,1.3994,1.3878,1.3939
2024-12-16 07:00:00,1.3958,1.3959,1.3829,1.3892
2024-12-16 06:45:00,1.4094,1.4097,1.3952,1.396
2024-12-16 06:30:00,1.4173,1.4177,1.409,1.4096
2024-12-16 06:15:00,1.412,1.4206,1.412,1.4173
2024-12-16 06:00:00,1.4222,1.4273,1.4111,1.4119
2024-12-16 05:45:00,1.4248,1.4273,1.4189,1.4222
2024-12-16 05:30:00,1.4193,1.4283,1.4185,1.4249
2024-12-16 05:15:00,1.415,1.4203,1.414,1.4194
2024-12-16 05:00:00,1.4124,1.4158,1.4089,1.4148
2024-12-16 04:45:00,1.4128,1.4156,1.4102,1.4125
2024-12-16 04:30:00,1.4058,1.4131,1.4049,1.4127
2024-12-16 04:15:00,1.4064,1.4138,1.4028,1.406
2024-12-16 04:00:00,1.4186,1.4208,1.4052,1.4062
2024-12-16 03:45:00,1.4261,1.4278,1.4105,1.4187
2024-12-16 03:30:00,1.4336,1.4412,1.4249,1.4262
2024-12-16 03:15:00,1.4397,1.4415,1.4312,1.4337
2024-12-16 03:00:00,1.4376,1.4454,1.4368,1.4397
2024-12-16 02:45:00,1.4334,1.4387,1.4309,1.4378
2024-12-16 02:30:00,1.4295,1.4407,1.4274,1.4333
2024-12-16 02:15:00,1.4362,1.4388,1.4212,1.4295
2024-12-16 02:00:00,1.4404,1.4417,1.4303,1.4361
2024-12-16 01:45:00,1.4447,1.4464,1.4338,1.4404
2024-12-16 01:30:00,1.4388,1.4537,1.4382,1.4447
2024-12-16 01:15:00,1.4433,1.4475,1.4359,1.4387
2024-12-16 01:00:00,1.4373,1.4462,1.4325,1.4432
2024-12-16 00:45:00,1.4459,1.4539,1.4289,1.4373
2024-12-16 00:30:00,1.4689,1.4782,1.4447,1.4459
2024-12-16 00:15:00,1.4418,1.47,1.4415,1.4688
2024-12-16 00:00:00,1.4315,1.4448,1.4262,1.4416
2024-12-15 23:45:00,1.4441,1.4533,1.4267,1.4313
2024-12-15 23:30:00,1.4288,1.4452,1.3926,1.4443
2024-12-15 23:15:00,1.413,1.434,1.4086,1.4287
2024-12-15 23:00:00,1.4056,1.4206,1.4022,1.413
2024-12-15 22:45:00,1.3918,1.4086,1.3914,1.4058
2024-12-15 22:30:00,1.3812,1.3975,1.3791,1.3915
2024-12-15 22:15:00,1.3701,1.3842,1.3701,1.3813
2024-12-15 22:00:00,1.3581,1.3718,1.3525,1.3701
2024-12-15 21:45:00,1.3676,1.3689,1.358,1.358
2024-12-15 21:30:00,1.3533,1.3721,1.3526,1.3677
2024-12-15 21:15:00,1.3686,1.3736,1.3522,1.3532
2024-12-15 21:00:00,1.3728,1.38,1.3675,1.3685
2024-12-15 20:45:00,1.3747,1.3765,1.3629,1.3728
2024-12-15 20:30:00,1.3823,1.385,1.3721,1.3747
2024-12-15 20:15:00,1.3871,1.394,1.3805,1.3821
2024-12-15 20:00:00,1.3758,1.3889,1.3707,1.3872
2024-12-15 19:45:00,1.3947,1.3982,1.3751,1.3759
2024-12-15 19:30:00,1.3985,1.4012,1.3927,1.3947
2024-12-15 19:15:00,1.3846,1.3989,1.3846,1.3984
2024-12-15 19:00:00,1.3891,1.3917,1.3736,1.3846
2024-12-15 18:45:00,1.3729,1.3899,1.3726,1.3889
2024-12-15 18:30:00,1.3576,1.3773,1.3515,1.373
2024-12-15 18:15:00,1.3402,1.3623,1.3378,1.3575
2024-12-15 18:00:00,1.3419,1.3528,1.3373,1.3405
2024-12-15 17:45:00,1.3439,1.3535,1.336,1.342
2024-12-15 17:30:00,1.3408,1.345,1.3283,1.3439
2024-12-15 17:15:00,1.3344,1.346,1.3335,1.3406
2024-12-15 17:00:00,1.3228,1.335,1.3203,1.334
2024-12-15 16:45:00,1.3219,1.323,1.3164,1.3228
2024-12-15 16:30:00,1.3141,1.3241,1.3141,1.3219
2024-12-15 16:15:00,1.3164,1.3171,1.3091,1.314
2024-12-15 16:00:00,1.3131,1.321,1.3112,1.3165
2024-12-15 15:45:00,1.3043,1.3144,1.3043,1.313
2024-12-15 15:30:00,1.3116,1.3139,1.3041,1.3041
2024-12-15 15:15:00,1.3042,1.3181,1.304,1.3116
2024-12-15 15:00:00,1.3084,1.3129,1.3004,1.3041
2024-12-15 14:45:00,1.3136,1.3136,1.305,1.3086
2024-12-15 14:30:00,1.3012,1.316,1.2984,1.3138
2024-12-15 14:15:00,1.2958,1.302,1.2921,1.3011
2024-12-15 14:00:00,1.2861,1.299,1.2852,1.2959
2024-12-15 13:45:00,1.2956,1.304,1.2831,1.2862
2024-12-15 13:30:00,1.2872,1.2984,1.2821,1.2955
2024-12-15 13:15:00,1.2621,1.2896,1.2595,1.2875
2024-12-15 13:00:00,1.2677,1.2685,1.2584,1.2624
2024-12-15 12:45:00,1.2511,1.268,1.2423,1.2677
2024-12-15 12:30:00,1.242,1.2532,1.2416,1.2511
2024-12-15 12:15:00,1.2402,1.2442,1.2385,1.2419
2024-12-15 12:00:00,1.2498,1.2555,1.2388,1.2404
2024-12-15 11:45:00,1.2444,1.2503,1.2427,1.2498
2024-12-15 11:30:00,1.248,1.249,1.2435,1.2444
2024-12-15 11:15:00,1.2529,1.2532,1.2433,1.2483
2024-12-15 11:00:00,1.2484,1.2548,1.2475,1.2527
2024-12-15 10:45:00,1.2462,1.2518,1.2457,1.2484
2024-12-15 10:30:00,1.2463,1.2494,1.2428,1.2463
2024-12-15 10:15:00,1.2506,1.2529,1.2447,1.2462
2024-12-15 10:00:00,1.254,1.26,1.249,1.2504
2024-12-15 09:45:00,1.2593,1.2613,1.253,1.2536
2024-12-15 09:30:00,1.2476,1.2646,1.2476,1.2593
2024-12-15 09:15:00,1.2378,1.2498,1.2367,1.2475
2024-12-15 09:00:00,1.2354,1.2396,1.2261,1.2375
2024-12-15 08:45:00,1.2276,1.2383,1.2269,1.2355
2024-12-15 08:30:00,1.216,1.2288,1.216,1.2278
2024-12-15 08:15:00,1.2083,1.2184,1.2076,1.2161
2024-12-15 08:00:00,1.208,1.2185,1.2065,1.2081
2024-12-15 07:45:00,1.1991,1.2085,1.1981,1.208
2024-12-15 07:30:00,1.2047,1.2089,1.197,1.199
2024-12-15 07:15:00,1.212,1.2195,1.2039,1.2046
2024-12-15 07:00:00,1.2126,1.2192,1.2062,1.2121
2024-12-15 06:45:00,1.2255,1.2263,1.2124,1.2126
2024-12-15 06:30:00,1.2324,1.2356,1.2254,1.2256
2024-12-15 06:15:00,1.2342,1.2398,1.231,1.2321
2024-12-15 06:00:00,1.2454,1.2464,1.2318,1.2345
2024-12-15 05:45:00,1.251,1.2536,1.2451,1.2453
2024-12-15 05:30:00,1.2464,1.2532,1.2461,1.2512
2024-12-15 05:15:00,1.2484,1.25,1.2438,1.2466
2024-12-15 05:00:00,1.2465,1.2525,1.2426,1.2483
2024-12-15 04:45:00,1.2383,1.2471,1.2375,1.2467
2024-12-15 04:30:00,1.2421,1.2455,1.2361,1.2383
2024-12-15 04:15:00,1.2324,1.2485,1.2324,1.2419
2024-12-15 04:00:00,1.2297,1.2323,1.2276,1.2319
2024-12-15 03:45:00,1.2331,1.2347,1.2257,1.2294
2024-12-15 03:30:00,1.226,1.2372,1.2249,1.2331
2024-12-15 03:15:00,1.2312,1.2318,1.225,1.2259
2024-12-15 03:00:00,1.2306,1.2359,1.2292,1.2312
2024-12-15 02:45:00,1.232,1.2359,1.2288,1.2305
2024-12-15 02:30:00,1.2423,1.2423,1.2313,1.2322
2024-12-15 02:15:00,1.254,1.2551,1.242,1.2421
2024-12-15 02:00:00,1.2454,1.257,1.2376,1.2544
2024-12-15 01:45:00,1.2271,1.2465,1.2254,1.2456
2024-12-15 01:30:00,1.2246,1.2275,1.2216,1.227
2024-12-15 01:15:00,1.2147,1.2287,1.2144,1.2245
2024-12-15 01:00:00,1.2107,1.2199,1.2098,1.2147
2024-12-15 00:45:00,1.2077,1.2152,1.2073,1.2104
2024-12-15 00:30:00,1.2218,1.2218,1.2007,1.2077
2024-12-15 00:15:00,1.2231,1.2242,1.2182,1.2218
2024-12-15 00:00:00,1.2251,1.2294,1.2207,1.2229
2024-12-14 23:45:00,1.2276,1.2276,1.2195,1.2253
2024-12-14 23:30:00,1.2298,1.2337,1.2253,1.2278
2024-12-14 23:15:00,1.2291,1.2323,1.2277,1.23
2024-12-14 23:00:00,1.2242,1.2305,1.2195,1.2293
2024-12-14 22:45:00,1.2223,1.23,1.2205,1.2243
2024-12-14 22:30:00,1.2245,1.2254,1.2201,1.2223
2024-12-14 22:15:00,1.2158,1.2249,1.2158,1.2245
2024-12-14 22:00:00,1.2258,1.2272,1.2152,1.2157
2024-12-14 21:45:00,1.2209,1.227,1.2204,1.2255
2024-12-14 21:30:00,1.2218,1.2224,1.218,1.2209
2024-12-14 21:15:00,1.2209,1.2249,1.2196,1.2215
2024-12-14 21:00:00,1.2155,1.224,1.2152,1.2208
2024-12-14 20:45:00,1.2224,1.2238,1.214,1.2156
2024-12-14 20:30:00,1.2227,1.2249,1.2207,1.2224
2024-12-14 20:15:00,1.2253,1.2266,1.222,1.2227
2024-12-14 20:00:00,1.2225,1.2316,1.2222,1.2252
2024-12-14 19:45:00,1.2266,1.2266,1.2195,1.2228
2024-12-14 19:30:00,1.2216,1.227,1.2202,1.2266
2024-12-14 19:15:00,1.2194,1.2218,1.2148,1.2217
2024-12-14 19:00:00,1.2152,1.2281,1.214,1.2192
2024-12-14 18:45:00,1.2247,1.2251,1.2132,1.2158
2024-12-14 18:30:00,1.2273,1.2299,1.2221,1.2247
2024-12-14 18:15:00,1.2345,1.2398,1.2269,1.2272
2024-12-14 18:00:00,1.2306,1.2461,1.2298,1.2346
2024-12-14 17:45:00,1.2306,1.2317,1.2243,1.2305
2024-12-14 17:30:00,1.2344,1.2355,1.229,1.2307
2024-12-14 17:15:00,1.2357,1.2375,1.2311,1.2343
2024-12-14 17:00:00,1.2362,1.2401,1.2298,1.2357
2024-12-14 16:45:00,1.2359,1.241,1.2337,1.2363
2024-12-14 16:30:00,1.2368,1.2407,1.2342,1.2358
2024-12-14 16:15:00,1.227,1.2416,1.2262,1.2368
2024-12-14 16:00:00,1.2342,1.2373,1.225,1.2269
2024-12-14 15:45:00,1.2333,1.237,1.2328,1.2343
2024-12-14 15:30:00,1.2319,1.2361,1.2294,1.233
2024-12-14 15:15:00,1.2381,1.2382,1.2317,1.2317
2024-12-14 15:00:00,1.234,1.2394,1.2259,1.2383
2024-12-14 14:45:00,1.2379,1.2432,1.2341,1.2341
2024-12-14 14:30:00,1.2389,1.243,1.2354,1.2379
2024-12-14 14:15:00,1.2408,1.244,1.2365,1.2388
2024-12-14 14:00:00,1.2249,1.2417,1.2242,1.2409
2024-12-14 13:45:00,1.2351,1.2359,1.2242,1.2248
2024-12-14 13:30:00,1.2241,1.2391,1.2231,1.2354
2024-12-14 13:15:00,1.2361,1.2365,1.2175,1.2239
2024-12-14 13:00:00,1.2416,1.2434,1.236,1.236
2024-12-14 12:45:00,1.2469,1.2499,1.2411,1.2417
2024-12-14 12:30:00,1.2492,1.2494,1.2437,1.2469
2024-12-14 12:15:00,1.2528,1.2536,1.2489,1.2492
2024-12-14 12:00:00,1.2579,1.2589,1.2521,1.2529
2024-12-14 11:45:00,1.2664,1.2675,1.2572,1.2579
2024-12-14 11:30:00,1.269,1.2697,1.2662,1.2664
2024-12-14 11:15:00,1.2698,1.2737,1.2686,1.2692
2024-12-14 11:00:00,1.2733,1.2761,1.2698,1.2698
2024-12-14 10:45:00,1.2745,1.2777,1.2722,1.2733
2024-12-14 10:30:00,1.2693,1.2744,1.2688,1.2744
2024-12-14 10:15:00,1.2726,1.2739,1.2672,1.2691
2024-12-14 10:00:00,1.2755,1.2761,1.2711,1.2727
2024-12-14 09:45:00,1.2774,1.2779,1.2737,1.2755
2024-12-14 09:30:00,1.2763,1.2795,1.275,1.2772
2024-12-14 09:15:00,1.2759,1.2805,1.2747,1.2768
2024-12-14 09:00:00,1.2839,1.2865,1.2751,1.2759
2024-12-14 08:45:00,1.2761,1.2851,1.2739,1.2838
2024-12-14 08:30:00,1.2753,1.2762,1.2715,1.2761
2024-12-14 08:15:00,1.2715,1.2765,1.2713,1.2753
2024-12-14 08:00:00,1.2751,1.2785,1.2709,1.2714
2024-12-14 07:45:00,1.2747,1.2817,1.2739,1.275
2024-12-14 07:30:00,1.2774,1.2785,1.2738,1.2746
2024-12-14 07:15:00,1.282,1.2821,1.2765,1.2774
2024-12-14 07:00:00,1.28,1.285,1.2797,1.2822
2024-12-14 06:45:00,1.2796,1.2827,1.2796,1.2801
2024-12-14 06:30:00,1.2838,1.2838,1.2779,1.2795
2024-12-14 06:15:00,1.2829,1.2865,1.2815,1.284
2024-12-14 06:00:00,1.286,1.2879,1.2829,1.2829
2024-12-14 05:45:00,1.2857,1.2886,1.2834,1.286
2024-12-14 05:30:00,1.2881,1.2887,1.2851,1.2857
2024-12-14 05:15:00,1.2896,1.2912,1.2859,1.2881
2024-12-14 05:00:00,1.2938,1.2938,1.2888,1.2896
2024-12-14 04:45:00,1.294,1.2977,1.2928,1.2939
2024-12-14 04:30:00,1.2906,1.2961,1.2889,1.2939
2024-12-14 04:15:00,1.2914,1.2955,1.2896,1.2907
2024-12-14 04:00:00,1.2904,1.2955,1.2903,1.2912
2024-12-14 03:45:00,1.2868,1.2913,1.2837,1.2903
2024-12-14 03:30:00,1.2925,1.293,1.2851,1.2868
2024-12-14 03:15:00,1.3011,1.3032,1.2921,1.2925
2024-12-14 03:00:00,1.3045,1.3087,1.3009,1.3012
2024-12-14 02:45:00,1.3065,1.3067,1.2997,1.3044
2024-12-14 02:30:00,1.3123,1.3159,1.3059,1.3064
2024-12-14 02:15:00,1.3073,1.3157,1.3073,1.3127
2024-12-14 02:00:00,1.3073,1.3097,1.3044,1.3073
2024-12-14 01:45:00,1.3181,1.3258,1.3042,1.3074
2024-12-14 01:30:00,1.3079,1.3187,1.3047,1.318
2024-12-14 01:15:00,1.3013,1.3132,1.3013,1.308
2024-12-14 01:00:00,1.3034,1.3082,1.2962,1.3012
2024-12-14 00:45:00,1.3064,1.3086,1.3019,1.3035
2024-12-14 00:30:00,1.318,1.3183,1.304,1.3063
2024-12-14 00:15:00,1.3233,1.3239,1.3161,1.3178
2024-12-14 00:00:00,1.314,1.3234,1.3136,1.3233
2024-12-13 23:45:00,1.3001,1.3146,1.2998,1.3141
2024-12-13 23:30:00,1.2911,1.3016,1.2909,1.3002
2024-12-13 23:15:00,1.2906,1.2969,1.29,1.291
2024-12-13 23:00:00,1.2988,1.2992,1.2907,1.2907
2024-12-13 22:45:00,1.3022,1.3037,1.2973,1.2989
2024-12-13 22:30:00,1.2997,1.3072,1.2952,1.3023
2024-12-13 22:15:00,1.2928,1.2998,1.2886,1.2998
2024-12-13 22:00:00,1.2925,1.2988,1.2904,1.2926
2024-12-13 21:45:00,1.301,1.3029,1.292,1.2924
2024-12-13 21:30:00,1.2903,1.3062,1.2891,1.3008
2024-12-13 21:15:00,1.2872,1.2917,1.2825,1.2903
2024-12-13 21:00:00,1.2952,1.2977,1.2867,1.2875
2024-12-13 20:45:00,1.3073,1.3106,1.2951,1.2951
2024-12-13 20:30:00,1.3061,1.3147,1.2999,1.3073
2024-12-13 20:15:00,1.2856,1.3124,1.285,1.3064
2024-12-13 20:00:00,1.2708,1.2876,1.2697,1.2855
2024-12-13 19:45:00,1.2548,1.2721,1.2545,1.2707
2024-12-13 19:30:00,1.2595,1.2608,1.2538,1.2548
2024-12-13 19:15:00,1.2523,1.2619,1.2523,1.2596
2024-12-13 19:00:00,1.2492,1.2528,1.2468,1.2524
2024-12-13 18:45:00,1.2604,1.2604,1.2477,1.2491
2024-12-13 18:30:00,1.2551,1.2669,1.2551,1.2604
2024-12-13 18:15:00,1.252,1.2599,1.2497,1.2553
2024-12-13 18:00:00,1.2528,1.255,1.2461,1.2521
2024-12-13 17:45:00,1.2597,1.2649,1.2525,1.2528
2024-12-13 17:30:00,1.2619,1.2619,1.247,1.2599
2024-12-13 17:15:00,1.2603,1.2668,1.2512,1.2618
2024-12-13 17:00:00,1.2657,1.2754,1.2575,1.2599
2024-12-13 16:45:00,1.2778,1.285,1.2626,1.266
2024-12-13 16:30:00,1.2591,1.2848,1.2591,1.2779
2024-12-13 16:15:00,1.2522,1.2626,1.2457,1.2593
2024-12-13 16:00:00,1.2519,1.26,1.2379,1.2521
2024-12-13 15:45:00,1.2721,1.274,1.2474,1.2521
2024-12-13 15:30:00,1.2759,1.2797,1.2656,1.272
2024-12-13 15:15:00,1.2811,1.2874,1.2685,1.2759
2024-12-13 15:00:00,1.2678,1.2845,1.2619,1.2812
2024-12-13 14:45:00,1.2577,1.277,1.2553,1.2677
2024-12-13 14:30:00,1.2298,1.2592,1.2276,1.2577
2024-12-13 14:15:00,1.2303,1.2342,1.2233,1.2299
2024-12-13 14:00:00,1.2249,1.2321,1.2212,1.2304
2024-12-13 13:45:00,1.2218,1.2288,1.2201,1.2251
2024-12-13 13:30:00,1.2192,1.2278,1.2168,1.2217
2024-12-13 13:15:00,1.2232,1.2234,1.2153,1.2195
2024-12-13 13:00:00,1.2193,1.2256,1.2193,1.2232
2024-12-13 12:45:00,1.2137,1.2193,1.2133,1.2193
2024-12-13 12:30:00,1.2175,1.218,1.2121,1.2138
2024-12-13 12:15:00,1.2132,1.2198,1.2125,1.2175
2024-12-13 12:00:00,1.2091,1.2139,1.2091,1.2132
2024-12-13 11:45:00,1.2146,1.2146,1.2086,1.209
2024-12-13 11:30:00,1.22,1.22,1.2139,1.2147
2024-12-13 11:15:00,1.2135,1.2205,1.2115,1.2201
2024-12-13 11:00:00,1.2108,1.2151,1.2091,1.2136
2024-12-13 10:45:00,1.2081,1.2135,1.2067,1.2108
2024-12-13 10:30:00,1.2021,1.2105,1.2021,1.2082
2024-12-13 10:15:00,1.2105,1.2105,1.2004,1.202
2024-12-13 10:00:00,1.2101,1.212,1.2077,1.2106
2024-12-13 09:45:00,1.2051,1.2114,1.2051,1.2103
2024-12-13 09:30:00,1.2052,1.2058,1.2001,1.2049
2024-12-13 09:15:00,1.2096,1.2114,1.2034,1.2052
2024-12-13 09:00:00,1.2124,1.2163,1.2086,1.2097
2024-12-13 08:45:00,1.208,1.2131,1.2069,1.2125
2024-12-13 08:30:00,1.2163,1.219,1.2067,1.208
2024-12-13 08:15:00,1.2104,1.219,1.2097,1.2163
2024-12-13 08:00:00,1.2079,1.2129,1.2046,1.2103
2024-12-13 07:45:00,1.2104,1.213,1.2067,1.2079
2024-12-13 07:30:00,1.2008,1.2107,1.2001,1.2103
2024-12-13 07:15:00,1.1991,1.204,1.198,1.2007
2024-12-13 07:00:00,1.2042,1.2063,1.1942,1.1992
2024-12-13 06:45:00,1.2163,1.2164,1.2039,1.2041
2024-12-13 06:30:00,1.2217,1.2243,1.2093,1.216
2024-12-13 06:15:00,1.2247,1.2251,1.2202,1.2219
2024-12-13 06:00:00,1.2198,1.226,1.2192,1.2246
2024-12-13 05:45:00,1.2199,1.2212,1.2183,1.22
2024-12-13 05:30:00,1.2198,1.2216,1.2194,1.22
2024-12-13 05:15:00,1.2208,1.2231,1.2182,1.2198
2024-12-13 05:00:00,1.2206,1.2236,1.2193,1.2207
2024-12-13 04:45:00,1.2158,1.222,1.2141,1.2206
2024-12-13 04:30:00,1.2174,1.2177,1.207,1.2158
2024-12-13 04:15:00,1.2195,1.2224,1.2171,1.2173
2024-12-13 04:00:00,1.2185,1.2208,1.215,1.2195
2024-12-13 03:45:00,1.2201,1.2234,1.218,1.2185
2024-12-13 03:30:00,1.2183,1.2238,1.2166,1.2201
2024-12-13 03:15:00,1.2239,1.2262,1.2177,1.2184
2024-12-13 03:00:00,1.2204,1.2246,1.2195,1.2239
2024-12-13 02:45:00,1.2207,1.2251,1.217,1.2203
2024-12-13 02:30:00,1.223,1.2328,1.2196,1.2207
2024-12-13 02:15:00,1.2177,1.2239,1.2157,1.2231
2024-12-13 02:00:00,1.2197,1.2206,1.2155,1.2179
2024-12-13 01:45:00,1.2199,1.2251,1.217,1.2196
2024-12-13 01:30:00,1.2102,1.2202,1.209,1.2198
2024-12-13 01:15:00,1.2195,1.2208,1.2063,1.21
2024-12-13 01:00:00,1.2269,1.2274,1.2158,1.2192
2024-12-13 00:45:00,1.2355,1.2377,1.2258,1.2268
2024-12-13 00:30:00,1.2313,1.2388,1.2312,1.2356
2024-12-13 00:15:00,1.2294,1.2369,1.2268,1.2312
2024-12-13 00:00:00,1.2335,1.2398,1.2291,1.2296
2024-12-12 23:45:00,1.2339,1.2362,1.2331,1.2335
2024-12-12 23:30:00,1.2323,1.2359,1.2315,1.234
2024-12-12 23:15:00,1.2363,1.2389,1.2285,1.2323
2024-12-12 23:00:00,1.2314,1.2384,1.2305,1.2362
2024-12-12 22:45:00,1.2332,1.2375,1.2303,1.2314
2024-12-12 22:30:00,1.2284,1.2332,1.2249,1.2332
2024-12-12 22:15:00,1.2266,1.2319,1.2203,1.2282
2024-12-12 22:00:00,1.2344,1.2348,1.2198,1.2266
2024-12-12 21:45:00,1.2327,1.2369,1.2312,1.2344
2024-12-12 21:30:00,1.247,1.2473,1.2311,1.2327
2024-12-12 21:15:00,1.2411,1.2488,1.2393,1.2471
2024-12-12 21:00:00,1.2424,1.2439,1.2364,1.2407
2024-12-12 20:45:00,1.2464,1.2488,1.2379,1.2425
2024-12-12 20:30:00,1.2368,1.2509,1.2368,1.2466
2024-12-12 20:15:00,1.2423,1.2425,1.2328,1.2364
2024-12-12 20:00:00,1.2324,1.2447,1.2318,1.242
2024-12-12 19:45:00,1.2293,1.2456,1.2247,1.2324
2024-12-12 19:30:00,1.2516,1.2547,1.2259,1.2291
2024-12-12 19:15:00,1.2589,1.2602,1.2494,1.2519
2024-12-12 19:00:00,1.2657,1.2695,1.2586,1.2589
2024-12-12 18:45:00,1.2668,1.2697,1.2637,1.2656
2024-12-12 18:30:00,1.2812,1.2812,1.2655,1.2666
2024-12-12 18:15:00,1.2717,1.2825,1.2707,1.2812
2024-12-12 18:00:00,1.2686,1.2735,1.268,1.2719
2024-12-12 17:45:00,1.266,1.2703,1.2642,1.2687
2024-12-12 17:30:00,1.2631,1.266,1.2592,1.2659
2024-12-12 17:15:00,1.2671,1.2686,1.2609,1.2629
2024-12-12 17:00:00,1.2674,1.2682,1.2621,1.267
2024-12-12 16:45:00,1.2657,1.2677,1.2603,1.2672
2024-12-12 16:30:00,1.2623,1.2672,1.2569,1.2658
2024-12-12 16:15:00,1.2724,1.2733,1.2606,1.2622
2024-12-12 16:00:00,1.2703,1.278,1.2696,1.2726
2024-12-12 15:45:00,1.2656,1.2704,1.2621,1.2704
2024-12-12 15:30:00,1.2678,1.268,1.2575,1.2656
2024-12-12 15:15:00,1.2654,1.273,1.2622,1.268
2024-12-12 15:00:00,1.2747,1.2767,1.2625,1.2653
2024-12-12 14:45:00,1.266,1.2753,1.2603,1.2747
2024-12-12 14:30:00,1.272,1.2741,1.2537,1.2663
2024-12-12 14:15:00,1.2671,1.273,1.2638,1.2721
2024-12-12 14:00:00,1.2645,1.2733,1.2591,1.2672
2024-12-12 13:45:00,1.2672,1.2676,1.254,1.2646
2024-12-12 13:30:00,1.2788,1.2813,1.2511,1.2673
2024-12-12 13:15:00,1.2714,1.286,1.271,1.2788
2024-12-12 13:00:00,1.2741,1.2789,1.269,1.2715
2024-12-12 12:45:00,1.2684,1.2769,1.2681,1.274
2024-12-12 12:30:00,1.2674,1.2733,1.2664,1.2688
2024-12-12 12:15:00,1.2692,1.2736,1.2663,1.2673
2024-12-12 12:00:00,1.2659,1.2737,1.2659,1.2692
2024-12-12 11:45:00,1.2621,1.267,1.2583,1.2659
2024-12-12 11:30:00,1.2729,1.2743,1.2613,1.262
2024-12-12 11:15:00,1.2717,1.2783,1.2679,1.2729
2024-12-12 11:00:00,1.2756,1.28,1.269,1.2717
2024-12-12 10:45:00,1.2812,1.2824,1.2728,1.2755
2024-12-12 10:30:00,1.2855,1.2864,1.274,1.2813
2024-12-12 10:15:00,1.2828,1.2869,1.2777,1.2856
2024-12-12 10:00:00,1.2928,1.2944,1.278,1.2826
2024-12-12 09:45:00,1.2965,1.2976,1.2905,1.2924
2024-12-12 09:30:00,1.3098,1.3098,1.2829,1.2965
2024-12-12 09:15:00,1.3116,1.3164,1.3087,1.3096
2024-12-12 09:00:00,1.3119,1.313,1.3081,1.3118
2024-12-12 08:45:00,1.3141,1.3142,1.3071,1.3118
2024-12-12 08:30:00,1.3167,1.3184,1.3128,1.3143
2024-12-12 08:15:00,1.3141,1.3206,1.3115,1.3168
2024-12-12 08:00:00,1.3128,1.3155,1.3111,1.3143
2024-12-12 07:45:00,1.313,1.3146,1.3057,1.3128
2024-12-12 07:30:00,1.3161,1.3172,1.3089,1.3128
2024-12-12 07:15:00,1.3135,1.3178,1.3111,1.3161
2024-12-12 07:00:00,1.3224,1.3253,1.3134,1.3137
2024-12-12 06:45:00,1.3142,1.3241,1.3133,1.3222
2024-12-12 06:30:00,1.313,1.3181,1.309,1.3142
2024-12-12 06:15:00,1.3079,1.3147,1.3043,1.313
2024-12-12 06:00:00,1.3138,1.3164,1.3053,1.3078
2024-12-12 05:45:00,1.314,1.3157,1.3084,1.3138
2024-12-12 05:30:00,1.3166,1.3231,1.3132,1.3137
2024-12-12 05:15:00,1.3141,1.3166,1.3126,1.3165
2024-12-12 05:00:00,1.311,1.3187,1.3035,1.3143
2024-12-12 04:45:00,1.3008,1.3137,1.2987,1.311
2024-12-12 04:30:00,1.3064,1.3095,1.2978,1.3008
2024-12-12 04:15:00,1.311,1.311,1.3021,1.3065
2024-12-12 04:00:00,1.3027,1.3122,1.3008,1.311
2024-12-12 03:45:00,1.3056,1.3056,1.2937,1.3027
2024-12-12 03:30:00,1.314,1.3155,1.3055,1.3057
2024-12-12 03:15:00,1.305,1.3188,1.3021,1.3142
2024-12-12 03:00:00,1.2962,1.3122,1.294,1.3048
2024-12-12 02:45:00,1.2922,1.299,1.2839,1.2961
2024-12-12 02:30:00,1.2849,1.2946,1.2837,1.2922
2024-12-12 02:15:00,1.2739,1.2856,1.273,1.285
2024-12-12 02:00:00,1.2588,1.2763,1.2571,1.2742
2024-12-12 01:45:00,1.2591,1.265,1.2561,1.2585
2024-12-12 01:30:00,1.2647,1.2656,1.2566,1.2591
2024-12-12 01:15:00,1.2662,1.2719,1.2633,1.2645
2024-12-12 01:00:00,1.2571,1.2664,1.2526,1.2661
2024-12-12 00:45:00,1.2501,1.2599,1.2446,1.2572
2024-12-12 00:30:00,1.247,1.258,1.247,1.2504
2024-12-12 00:15:00,1.2492,1.2531,1.2458,1.2469
2024-12-12 00:00:00,1.2512,1.2525,1.2447,1.2492
2024-12-11 23:45:00,1.2493,1.2537,1.2478,1.2511
2024-12-11 23:30:00,1.2515,1.2521,1.2462,1.2495
2024-12-11 23:15:00,1.2546,1.2574,1.2508,1.2515
2024-12-11 23:00:00,1.254,1.2554,1.2499,1.2544
2024-12-11 22:45:00,1.2465,1.2568,1.2453,1.254
2024-12-11 22:30:00,1.2401,1.2478,1.2399,1.2466
2024-12-11 22:15:00,1.2383,1.245,1.2365,1.24
2024-12-11 22:00:00,1.2414,1.2431,1.2374,1.2383
2024-12-11 21:45:00,1.2407,1.2434,1.2376,1.2416
2024-12-11 21:30:00,1.2363,1.2448,1.2349,1.2407
2024-12-11 21:15:00,1.2334,1.2399,1.2326,1.2362
2024-12-11 21:00:00,1.2388,1.2388,1.228,1.2333
2024-12-11 20:45:00,1.2335,1.2415,1.2325,1.2391
2024-12-11 20:30:00,1.2324,1.2351,1.2313,1.2334
2024-12-11 20:15:00,1.2297,1.2351,1.2279,1.2324
2024-12-11 20:00:00,1.2299,1.2354,1.2289,1.2296
2024-12-11 19:45:00,1.2321,1.2336,1.2274,1.2295
2024-12-11 19:30:00,1.2305,1.2345,1.2305,1.2319
2024-12-11 19:15:00,1.2251,1.2307,1.2231,1.2303
2024-12-11 19:00:00,1.2231,1.2283,1.2228,1.2251
2024-12-11 18:45:00,1.2306,1.2313,1.2211,1.223
2024-12-11 18:30:00,1.221,1.2327,1.2202,1.2306
2024-12-11 18:15:00,1.2258,1.2273,1.2189,1.221
2024-12-11 18:00:00,1.2172,1.2267,1.2132,1.226
2024-12-11 17:45:00,1.2246,1.2286,1.2161,1.2172
2024-12-11 17:30:00,1.2246,1.2297,1.2218,1.2246
2024-12-11 17:15:00,1.2299,1.2379,1.2241,1.2246
2024-12-11 17:00:00,1.2276,1.235,1.2268,1.2299
2024-12-11 16:45:00,1.2296,1.2298,1.2151,1.2277
2024-12-11 16:30:00,1.2299,1.2342,1.2234,1.2297
2024-12-11 16:15:00,1.2276,1.2336,1.2274,1.2299
2024-12-11 16:00:00,1.2289,1.2384,1.2255,1.2271
2024-12-11 15:45:00,1.2326,1.2345,1.225,1.2289
2024-12-11 15:30:00,1.2398,1.2401,1.2254,1.2321
2024-12-11 15:15:00,1.2347,1.2454,1.2285,1.2396
2024-12-11 15:00:00,1.2281,1.2387,1.2199,1.2347
2024-12-11 14:45:00,1.2113,1.2318,1.2107,1.2275
2024-12-11 14:30:00,1.2056,1.2131,1.2048,1.2113
2024-12-11 14:15:00,1.2034,1.2116,1.1953,1.2053
2024-12-11 14:00:00,1.2078,1.2102,1.1969,1.2034
2024-12-11 13:45:00,1.2133,1.2133,1.1974,1.208
2024-12-11 13:30:00,1.1967,1.2226,1.1943,1.2134
2024-12-11 13:15:00,1.1933,1.1976,1.1867,1.1972
2024-12-11 13:00:00,1.1881,1.1946,1.1852,1.1934
2024-12-11 12:45:00,1.1893,1.1913,1.1805,1.1879
2024-12-11 12:30:00,1.1841,1.1941,1.1837,1.1893
2024-12-11 12:15:00,1.167,1.1846,1.1656,1.1842
2024-12-11 12:00:00,1.1617,1.1738,1.1616,1.1671
2024-12-11 11:45:00,1.1638,1.1669,1.1576,1.1618
2024-12-11 11:30:00,1.1693,1.1751,1.1632,1.164
2024-12-11 11:15:00,1.1568,1.1693,1.1568,1.1692
2024-12-11 11:00:00,1.1549,1.1588,1.1519,1.1567
2024-12-11 10:45:00,1.1483,1.1552,1.1477,1.155
2024-12-11 10:30:00,1.1498,1.1514,1.1453,1.1483
2024-12-11 10:15:00,1.151,1.1522,1.1467,1.1489
2024-12-11 10:00:00,1.1583,1.161,1.15,1.1509
2024-12-11 09:45:00,1.1541,1.1591,1.1513,1.1589
2024-12-11 09:30:00,1.1521,1.1602,1.149,1.1539
2024-12-11 09:15:00,1.1559,1.1573,1.1511,1.1525
2024-12-11 09:00:00,1.1599,1.1664,1.1545,1.156
2024-12-11 08:45:00,1.1559,1.16,1.1445,1.16
2024-12-11 08:30:00,1.1385,1.1564,1.1377,1.1561
2024-12-11 08:15:00,1.1339,1.1409,1.132,1.1384
2024-12-11 08:00:00,1.1209,1.137,1.1193,1.1338
2024-12-11 07:45:00,1.1309,1.1312,1.1191,1.1206
2024-12-11 07:30:00,1.1302,1.1353,1.127,1.1309
2024-12-11 07:15:00,1.1318,1.1326,1.1277,1.1302
2024-12-11 07:00:00,1.1374,1.1423,1.1287,1.1317
2024-12-11 06:45:00,1.1353,1.141,1.135,1.1373
2024-12-11 06:30:00,1.1372,1.1388,1.1324,1.1354
2024-12-11 06:15:00,1.1386,1.1403,1.1327,1.1373
2024-12-11 06:00:00,1.1388,1.1399,1.1325,1.1385
2024-12-11 05:45:00,1.1421,1.1426,1.1374,1.139
2024-12-11 05:30:00,1.1419,1.1428,1.1333,1.142
2024-12-11 05:15:00,1.1436,1.1487,1.1419,1.142
2024-12-11 05:00:00,1.1448,1.1504,1.1415,1.1438
2024-12-11 04:45:00,1.1392,1.1474,1.1359,1.1448
2024-12-11 04:30:00,1.1424,1.1458,1.1392,1.1392
2024-12-11 04:15:00,1.145,1.1468,1.1396,1.1424
2024-12-11 04:00:00,1.1473,1.1532,1.1425,1.1448
2024-12-11 03:45:00,1.1456,1.1485,1.1424,1.1471
2024-12-11 03:30:00,1.1476,1.1493,1.1402,1.1458
2024-12-11 03:15:00,1.1519,1.1569,1.1465,1.1481
2024-12-11 03:00:00,1.1488,1.1576,1.1463,1.1519
2024-12-11 02:45:00,1.1561,1.1564,1.145,1.1491
2024-12-11 02:30:00,1.1375,1.1582,1.1355,1.1562
2024-12-11 02:15:00,1.1263,1.1407,1.1252,1.1373
2024-12-11 02:00:00,1.1188,1.1343,1.1177,1.1262
2024-12-11 01:45:00,1.129,1.1378,1.1174,1.1186
2024-12-11 01:30:00,1.1156,1.1377,1.1156,1.1286
2024-12-11 01:15:00,1.1281,1.1425,1.1134,1.1154
2024-12-11 01:00:00,1.1423,1.143,1.1245,1.1273
2024-12-11 00:45:00,1.1249,1.1457,1.1223,1.1424
2024-12-11 00:30:00,1.1418,1.1451,1.1234,1.1248
2024-12-11 00:15:00,1.1516,1.1517,1.1369,1.1417
2024-12-11 00:00:00,1.1555,1.1613,1.1516,1.1518
2024-12-10 23:45:00,1.1536,1.1603,1.1475,1.1554
2024-12-10 23:30:00,1.1573,1.1668,1.1492,1.1533
2024-12-10 23:15:00,1.1557,1.1598,1.1526,1.1573
2024-12-10 23:00:00,1.1496,1.1589,1.1494,1.1557
2024-12-10 22:45:00,1.1543,1.1617,1.1493,1.1495
2024-12-10 22:30:00,1.1631,1.1633,1.1525,1.1543
2024-12-10 22:15:00,1.1575,1.165,1.151,1.163
2024-12-10 22:00:00,1.1581,1.171,1.15,1.1575
2024-12-10 21:45:00,1.1629,1.1666,1.1536,1.158
2024-12-10 21:30:00,1.1631,1.1793,1.1585,1.1624
2024-12-10 21:15:00,1.1667,1.1712,1.1511,1.1628
2024-12-10 21:00:00,1.1426,1.1682,1.1402,1.1668
2024-12-10 20:45:00,1.1383,1.1445,1.1301,1.1419
2024-12-10 20:30:00,1.1352,1.1404,1.1258,1.1381
2024-12-10 20:15:00,1.1261,1.1419,1.1223,1.1349
2024-12-10 20:00:00,1.1125,1.1275,1.1095,1.1252
2024-12-10 19:45:00,1.1105,1.119,1.104,1.1131
2024-12-10 19:30:00,1.1156,1.1218,1.1095,1.1106
2024-12-10 19:15:00,1.108,1.1241,1.0989,1.1156
2024-12-10 19:00:00,1.0982,1.1121,1.0935,1.1079
2024-12-10 18:45:00,1.1118,1.1174,1.0956,1.0978
2024-12-10 18:30:00,1.0821,1.1138,1.0796,1.1118
2024-12-10 18:15:00,1.0736,1.0953,1.0734,1.0822
2024-12-10 18:00:00,1.0622,1.0807,1.0571,1.0738
2024-12-10 17:45:00,1.0826,1.0958,1.0611,1.0622
2024-12-10 17:30:00,1.0771,1.0856,1.0709,1.0826
2024-12-10 17:15:00,1.1054,1.1095,1.0771,1.0771
2024-12-10 17:00:00,1.1269,1.1271,1.0941,1.1051
2024-12-10 16:45:00,1.0836,1.131,1.0806,1.1272
2024-12-10 16:30:00,1.0951,1.0975,1.0757,1.0832
2024-12-10 16:15:00,1.0916,1.1096,1.0875,1.0948
2024-12-10 16:00:00,1.0926,1.113,1.0744,1.0914
2024-12-10 15:45:00,1.1089,1.1245,1.0917,1.0925
2024-12-10 15:30:00,1.1254,1.1293,1.0948,1.1088
2024-12-10 15:15:00,1.1521,1.1539,1.1247,1.1256
2024-12-10 15:00:00,1.1589,1.1666,1.1503,1.1521
2024-12-10 14:45:00,1.1699,1.1819,1.1523,1.1593
2024-12-10 14:30:00,1.1729,1.1817,1.1517,1.1698
2024-12-10 14:15:00,1.1626,1.1757,1.1597,1.1726
2024-12-10 14:00:00,1.1504,1.1752,1.148,1.1626
2024-12-10 13:45:00,1.1618,1.1649,1.1499,1.1505
2024-12-10 13:30:00,1.1508,1.1636,1.1508,1.1618
2024-12-10 13:15:00,1.1568,1.1649,1.1467,1.1507
2024-12-10 13:00:00,1.1416,1.1669,1.1403,1.1567
2024-12-10 12:45:00,1.1427,1.1472,1.1322,1.1416
2024-12-10 12:30:00,1.1543,1.1624,1.138,1.1435
2024-12-10 12:15:00,1.1585,1.1624,1.1466,1.1543
2024-12-10 12:00:00,1.1668,1.1726,1.1555,1.1583
2024-12-10 11:45:00,1.1585,1.1707,1.157,1.1666
2024-12-10 11:30:00,1.1785,1.1795,1.1577,1.1583
2024-12-10 11:15:00,1.1824,1.1896,1.1758,1.1782
2024-12-10 11:00:00,1.1987,1.1992,1.18,1.1823
2024-12-10 10:45:00,1.19,1.2014,1.19,1.1991
2024-12-10 10:30:00,1.1809,1.2019,1.1809,1.1902
2024-12-10 10:15:00,1.1795,1.185,1.172,1.1805
2024-12-10 10:00:00,1.1648,1.1794,1.1629,1.1792
2024-12-10 09:45:00,1.1568,1.1666,1.1562,1.1648
2024-12-10 09:30:00,1.1685,1.1728,1.1566,1.1568
2024-12-10 09:15:00,1.1795,1.185,1.1662,1.1689
2024-12-10 09:00:00,1.1751,1.1814,1.1688,1.1797
2024-12-10 08:45:00,1.1618,1.1758,1.1618,1.175
2024-12-10 08:30:00,1.1698,1.1711,1.16,1.1617
2024-12-10 08:15:00,1.1608,1.1794,1.1594,1.1697
2024-12-10 08:00:00,1.1765,1.1765,1.1588,1.161
2024-12-10 07:45:00,1.179,1.1852,1.1729,1.1765
2024-12-10 07:30:00,1.1829,1.1866,1.1704,1.1788
2024-12-10 07:15:00,1.1728,1.1848,1.171,1.1826
2024-12-10 07:00:00,1.1798,1.1805,1.1691,1.173
2024-12-10 06:45:00,1.1865,1.1872,1.1763,1.1801
2024-12-10 06:30:00,1.1875,1.1916,1.1793,1.1866
2024-12-10 06:15:00,1.1671,1.19,1.1634,1.187
2024-12-10 06:00:00,1.1521,1.1685,1.1461,1.1671
2024-12-10 05:45:00,1.1374,1.1532,1.1336,1.152
2024-12-10 05:30:00,1.1465,1.1522,1.1347,1.1376
2024-12-10 05:15:00,1.1632,1.1671,1.1406,1.1472
2024-12-10 05:00:00,1.1523,1.1717,1.1444,1.1632
2024-12-10 04:45:00,1.1628,1.1684,1.1425,1.152
2024-12-10 04:30:00,1.1057,1.1679,1.104,1.1628
2024-12-10 04:15:00,1.0871,1.1066,1.0771,1.1056
2024-12-10 04:00:00,1.0989,1.0989,1.0853,1.0876
2024-12-10 03:45:00,1.087,1.1023,1.0836,1.0988
2024-12-10 03:30:00,1.0671,1.0895,1.0656,1.087
2024-12-10 03:15:00,1.0638,1.0835,1.05,1.0671
2024-12-10 03:00:00,1.0867,1.0955,1.063,1.0638
2024-12-10 02:45:00,1.1069,1.1103,1.0866,1.0868
2024-12-10 02:30:00,1.1008,1.1077,1.0923,1.1066
2024-12-10 02:15:00,1.1137,1.12,1.1,1.1006
2024-12-10 02:00:00,1.1303,1.1303,1.1105,1.1137
2024-12-10 01:45:00,1.1243,1.1309,1.1229,1.1304
2024-12-10 01:30:00,1.1245,1.1272,1.1127,1.1247
2024-12-10 01:15:00,1.1179,1.13,1.117,1.1246
2024-12-10 01:00:00,1.1315,1.1374,1.1174,1.1179
2024-12-10 00:45:00,1.1321,1.1362,1.1228,1.1314
2024-12-10 00:30:00,1.1364,1.1483,1.1285,1.1322
2024-12-10 00:15:00,1.1169,1.1375,1.1066,1.1365
2024-12-10 00:00:00,1.1207,1.1221,1.0963,1.117
2024-12-09 23:45:00,1.1258,1.1287,1.1205,1.1206
2024-12-09 23:30:00,1.1318,1.1358,1.1213,1.1257
2024-12-09 23:15:00,1.1271,1.1346,1.1197,1.1319
2024-12-09 23:00:00,1.1207,1.136,1.1047,1.1273
2024-12-09 22:45:00,1.0888,1.1251,1.0888,1.1209
2024-12-09 22:30:00,1.0926,1.1076,1.0784,1.0887
2024-12-09 22:15:00,1.0845,1.0985,1,1.092
2024-12-09 22:00:00,1.1183,1.1281,1.0768,1.0844
2024-12-09 21:45:00,1.136,1.1382,1.112,1.1183
2024-12-09 21:30:00,1.1388,1.159,1.1297,1.1362
2024-12-09 21:15:00,1.1199,1.1952,1.1126,1.1389
2024-12-09 21:00:00,1.1451,1.1831,1.01,1.12
2024-12-09 20:45:00,1.1756,1.1763,1.121,1.1451
2024-12-09 20:30:00,1.1828,1.2073,1.1627,1.1755
2024-12-09 20:15:00,1.2096,1.2165,1.1707,1.1828
2024-12-09 20:00:00,1.2165,1.2205,1.2024,1.2096
2024-12-09 19:45:00,1.2229,1.2252,1.2158,1.2163
2024-12-09 19:30:00,1.2228,1.2247,1.2198,1.223
2024-12-09 19:15:00,1.2164,1.2254,1.2157,1.2228
2024-12-09 19:00:00,1.2201,1.2202,1.2131,1.2162
2024-12-09 18:45:00,1.2245,1.2269,1.2197,1.2201
2024-12-09 18:30:00,1.2301,1.2303,1.2235,1.2245
2024-12-09 18:15:00,1.2238,1.2323,1.2238,1.2301
2024-12-09 18:00:00,1.217,1.2258,1.2168,1.2239
2024-12-09 17:45:00,1.226,1.2287,1.2167,1.217
2024-12-09 17:30:00,1.2291,1.2313,1.2209,1.2259
2024-12-09 17:15:00,1.2335,1.2335,1.2242,1.2291
2024-12-09 17:00:00,1.23,1.2371,1.2262,1.2334
2024-12-09 16:45:00,1.24,1.2427,1.2281,1.2301
2024-12-09 16:30:00,1.2347,1.2404,1.2285,1.24
2024-12-09 16:15:00,1.2382,1.239,1.2283,1.2347
2024-12-09 16:00:00,1.2292,1.2413,1.2223,1.2382
2024-12-09 15:45:00,1.2325,1.2371,1.2201,1.2293
2024-12-09 15:30:00,1.2332,1.2405,1.2242,1.2325
2024-12-09 15:15:00,1.2363,1.2391,1.2216,1.2333
2024-12-09 15:00:00,1.2535,1.2564,1.2361,1.2362
2024-12-09 14:45:00,1.2435,1.2598,1.2423,1.2533
2024-12-09 14:30:00,1.2328,1.2459,1.2299,1.2434
2024-12-09 14:15:00,1.242,1.244,1.2278,1.2327
2024-12-09 14:00:00,1.2452,1.2454,1.2397,1.242
2024-12-09 13:45:00,1.2408,1.2476,1.2403,1.2452
2024-12-09 13:30:00,1.2439,1.2451,1.2346,1.2408
2024-12-09 13:15:00,1.2353,1.2447,1.2341,1.2438
2024-12-09 13:00:00,1.2334,1.2389,1.2242,1.2356
2024-12-09 12:45:00,1.2293,1.2343,1.2215,1.2336
2024-12-09 12:30:00,1.2346,1.2369,1.2266,1.2292
2024-12-09 12:15:00,1.2273,1.2358,1.2216,1.2348
2024-12-09 12:00:00,1.2202,1.2344,1.2106,1.2271
2024-12-09 11:45:00,1.2305,1.2322,1.214,1.2204
2024-12-09 11:30:00,1.232,1.2387,1.2277,1.2303
2024-12-09 11:15:00,1.2386,1.2398,1.231,1.2322
2024-12-09 11:00:00,1.2453,1.2457,1.2346,1.2386
2024-12-09 10:45:00,1.2456,1.249,1.2421,1.2454
2024-12-09 10:30:00,1.2492,1.2526,1.2433,1.2458
2024-12-09 10:15:00,1.2555,1.2555,1.2451,1.2493
2024-12-09 10:00:00,1.2526,1.2617,1.2525,1.2555
2024-12-09 09:45:00,1.2447,1.2574,1.2446,1.2527
2024-12-09 09:30:00,1.2296,1.2457,1.2288,1.2448
2024-12-09 09:15:00,1.2468,1.2468,1.2276,1.2296
2024-12-09 09:00:00,1.2373,1.2477,1.2349,1.2469
2024-12-09 08:45:00,1.2477,1.2487,1.2336,1.2375
2024-12-09 08:30:00,1.2528,1.2531,1.2375,1.248
2024-12-09 08:15:00,1.2606,1.2622,1.2514,1.253
2024-12-09 08:00:00,1.2607,1.2632,1.252,1.2605
2024-12-09 07:45:00,1.2653,1.2735,1.2606,1.2608
2024-12-09 07:30:00,1.2519,1.2658,1.2464,1.2652
2024-12-09 07:15:00,1.252,1.2574,1.2431,1.252
2024-12-09 07:00:00,1.2623,1.2656,1.2501,1.2519
2024-12-09 06:45:00,1.269,1.2705,1.2613,1.2623
2024-12-09 06:30:00,1.2609,1.2707,1.2605,1.2692
2024-12-09 06:15:00,1.2759,1.2765,1.2584,1.261
2024-12-09 06:00:00,1.2878,1.288,1.2757,1.2761
2024-12-09 05:45:00,1.2868,1.2917,1.2864,1.2879
2024-12-09 05:30:00,1.2826,1.2876,1.2818,1.2867
2024-12-09 05:15:00,1.2863,1.2888,1.2823,1.2829
2024-12-09 05:00:00,1.2868,1.2878,1.2825,1.2864
2024-12-09 04:45:00,1.2832,1.2877,1.2823,1.287
2024-12-09 04:30:00,1.2822,1.2865,1.2801,1.2833
2024-12-09 04:15:00,1.286,1.2868,1.2738,1.2823
2024-12-09 04:00:00,1.2809,1.2896,1.2783,1.2865
2024-12-09 03:45:00,1.2841,1.2854,1.2704,1.2808
2024-12-09 03:30:00,1.2871,1.2893,1.2823,1.2843
2024-12-09 03:15:00,1.308,1.3088,1.287,1.2871
2024-12-09 03:00:00,1.2985,1.3092,1.2976,1.3079
2024-12-09 02:45:00,1.2915,1.2986,1.2853,1.2985
2024-12-09 02:30:00,1.2922,1.2983,1.2894,1.2915
2024-12-09 02:15:00,1.2951,1.2965,1.2886,1.2919
2024-12-09 02:00:00,1.294,1.2972,1.2866,1.295
2024-12-09 01:45:00,1.298,1.2987,1.2894,1.2939
2024-12-09 01:30:00,1.3144,1.317,1.295,1.2981
2024-12-09 01:15:00,1.3151,1.3161,1.3066,1.3144
2024-12-09 01:00:00,1.3089,1.3199,1.3086,1.3152
2024-12-09 00:45:00,1.3025,1.3142,1.3007,1.3088
2024-12-09 00:30:00,1.316,1.3191,1.2993,1.3026
2024-12-09 00:15:00,1.3272,1.3322,1.3132,1.316
2024-12-09 00:00:00,1.3294,1.3367,1.3266,1.3272
2024-12-08 23:45:00,1.3386,1.342,1.3285,1.3294
2024-12-08 23:30:00,1.3344,1.3429,1.3324,1.3383
2024-12-08 23:15:00,1.3223,1.336,1.32,1.3345
2024-12-08 23:00:00,1.321,1.3223,1.316,1.3223
2024-12-08 22:45:00,1.3176,1.322,1.3151,1.3211
2024-12-08 22:30:00,1.32,1.3201,1.3155,1.3178
2024-12-08 22:15:00,1.3215,1.3218,1.3177,1.32
2024-12-08 22:00:00,1.3189,1.3234,1.3155,1.3215
2024-12-08 21:45:00,1.3234,1.3235,1.317,1.3192
2024-12-08 21:30:00,1.3136,1.3248,1.3126,1.3233
2024-12-08 21:15:00,1.31,1.316,1.3085,1.3138
2024-12-08 21:00:00,1.3087,1.3142,1.3073,1.31
2024-12-08 20:45:00,1.3152,1.3163,1.3081,1.3086
2024-12-08 20:30:00,1.3131,1.3178,1.3123,1.3153
2024-12-08 20:15:00,1.3159,1.3182,1.3122,1.3131
2024-12-08 20:00:00,1.3227,1.3248,1.3142,1.3157
2024-12-08 19:45:00,1.32,1.3233,1.3161,1.3226
2024-12-08 19:30:00,1.3145,1.3241,1.3137,1.32
2024-12-08 19:15:00,1.3168,1.3224,1.314,1.3145
2024-12-08 19:00:00,1.327,1.3297,1.3161,1.3167
2024-12-08 18:45:00,1.3271,1.3322,1.3254,1.3272
2024-12-08 18:30:00,1.328,1.3317,1.3242,1.3272
2024-12-08 18:15:00,1.3269,1.3325,1.3195,1.3279
2024-12-08 18:00:00,1.3336,1.3367,1.3268,1.3269
2024-12-08 17:45:00,1.334,1.336,1.3321,1.3335
2024-12-08 17:30:00,1.3337,1.3373,1.3316,1.3341
2024-12-08 17:15:00,1.3361,1.34,1.3322,1.3337
2024-12-08 17:00:00,1.3364,1.3414,1.3325,1.3363
2024-12-08 16:45:00,1.3397,1.358,1.3351,1.3363
2024-12-08 16:30:00,1.3474,1.3507,1.3382,1.3396
2024-12-08 16:15:00,1.3563,1.3574,1.3433,1.3473
2024-12-08 16:00:00,1.3535,1.3565,1.3494,1.3561
2024-12-08 15:45:00,1.3557,1.3576,1.3487,1.3534
2024-12-08 15:30:00,1.3628,1.365,1.3544,1.3557
2024-12-08 15:15:00,1.3568,1.3748,1.3525,1.3631
2024-12-08 15:00:00,1.3619,1.3669,1.3474,1.3567
2024-12-08 14:45:00,1.3639,1.3719,1.3597,1.3615
2024-12-08 14:30:00,1.3567,1.3719,1.356,1.3641
2024-12-08 14:15:00,1.359,1.3595,1.3528,1.3567
2024-12-08 14:00:00,1.3512,1.3615,1.3415,1.3591
2024-12-08 13:45:00,1.3385,1.3558,1.3385,1.3512
2024-12-08 13:30:00,1.3464,1.3467,1.3346,1.3385
2024-12-08 13:15:00,1.3368,1.3482,1.3341,1.3467
2024-12-08 13:00:00,1.3168,1.3392,1.3161,1.3367
2024-12-08 12:45:00,1.3081,1.3177,1.3065,1.3167
2024-12-08 12:30:00,1.3039,1.3085,1.3,1.3082
2024-12-08 12:15:00,1.3025,1.3042,1.298,1.304
2024-12-08 12:00:00,1.3115,1.3116,1.302,1.3025
2024-12-08 11:45:00,1.3068,1.314,1.3067,1.3115
2024-12-08 11:30:00,1.3038,1.3096,1.3,1.3067
2024-12-08 11:15:00,1.303,1.3045,1.2992,1.3038
2024-12-08 11:00:00,1.3011,1.3042,1.2986,1.303
2024-12-08 10:45:00,1.3038,1.3054,1.3006,1.301
2024-12-08 10:30:00,1.3064,1.3076,1.303,1.304
2024-12-08 10:15:00,1.3072,1.3072,1.3013,1.3065
2024-12-08 10:00:00,1.2976,1.3099,1.2974,1.3071
2024-12-08 09:45:00,1.2975,1.3002,1.289,1.2977
2024-12-08 09:30:00,1.3063,1.3081,1.2974,1.2974
2024-12-08 09:15:00,1.303,1.3085,1.3018,1.3062
2024-12-08 09:00:00,1.292,1.3061,1.2913,1.3029
2024-12-08 08:45:00,1.3,1.305,1.2917,1.292
2024-12-08 08:30:00,1.3104,1.3107,1.2964,1.3
2024-12-08 08:15:00,1.3167,1.3167,1.306,1.3103
2024-12-08 08:00:00,1.3231,1.3241,1.3151,1.3168
2024-12-08 07:45:00,1.3228,1.3248,1.3218,1.3232
2024-12-08 07:30:00,1.3222,1.3248,1.3208,1.3229
2024-12-08 07:15:00,1.3231,1.3247,1.3199,1.3221
2024-12-08 07:00:00,1.3206,1.3233,1.3196,1.3231
2024-12-08 06:45:00,1.3169,1.3219,1.3165,1.3208
2024-12-08 06:30:00,1.3111,1.3191,1.3111,1.3169
2024-12-08 06:15:00,1.3076,1.3136,1.3064,1.3109
2024-12-08 06:00:00,1.3116,1.3134,1.3013,1.3075
2024-12-08 05:45:00,1.3113,1.313,1.3028,1.3117
2024-12-08 05:30:00,1.3157,1.3193,1.3093,1.3114
2024-12-08 05:15:00,1.3196,1.3206,1.3135,1.3158
2024-12-08 05:00:00,1.3242,1.3291,1.3191,1.3195
2024-12-08 04:45:00,1.3301,1.3335,1.3223,1.324
2024-12-08 04:30:00,1.3306,1.3316,1.3266,1.3301
2024-12-08 04:15:00,1.3366,1.3394,1.3303,1.3306
2024-12-08 04:00:00,1.3389,1.3393,1.3335,1.3367
2024-12-08 03:45:00,1.3267,1.3399,1.3265,1.339
2024-12-08 03:30:00,1.3268,1.3272,1.3234,1.3266
2024-12-08 03:15:00,1.3164,1.3268,1.3162,1.3268
2024-12-08 03:00:00,1.3182,1.3185,1.3132,1.3163
2024-12-08 02:45:00,1.3257,1.3277,1.3179,1.3182
2024-12-08 02:30:00,1.3251,1.3269,1.3238,1.3255
2024-12-08 02:15:00,1.3237,1.3275,1.3235,1.3251
2024-12-08 02:00:00,1.3226,1.3259,1.3213,1.3238
2024-12-08 01:45:00,1.3237,1.3283,1.3213,1.3226
2024-12-08 01:30:00,1.3235,1.3238,1.3186,1.3237
2024-12-08 01:15:00,1.3245,1.3248,1.32,1.3233
2024-12-08 01:00:00,1.3212,1.325,1.3207,1.3245
2024-12-08 00:45:00,1.3218,1.3235,1.3189,1.3214
2024-12-08 00:30:00,1.3241,1.3283,1.3205,1.322
2024-12-08 00:15:00,1.3206,1.326,1.3194,1.324
2024-12-08 00:00:00,1.3148,1.325,1.3122,1.3205
2024-12-07 23:45:00,1.3207,1.3212,1.3139,1.3147
2024-12-07 23:30:00,1.3221,1.327,1.3205,1.3207
2024-12-07 23:15:00,1.3193,1.3236,1.3188,1.3223
2024-12-07 23:00:00,1.3177,1.3226,1.3168,1.3194
2024-12-07 22:45:00,1.3213,1.323,1.3172,1.3177
2024-12-07 22:30:00,1.3213,1.3246,1.3194,1.3214
2024-12-07 22:15:00,1.3221,1.3233,1.3193,1.3214
2024-12-07 22:00:00,1.323,1.3238,1.3181,1.3221
2024-12-07 21:45:00,1.3329,1.3329,1.3224,1.323
2024-12-07 21:30:00,1.3254,1.3344,1.3244,1.3328
2024-12-07 21:15:00,1.3153,1.3284,1.3086,1.3254
2024-12-07 21:00:00,1.3175,1.3196,1.315,1.3151
2024-12-07 20:45:00,1.3193,1.321,1.3175,1.3176
2024-12-07 20:30:00,1.3205,1.3254,1.3192,1.3192
2024-12-07 20:15:00,1.3272,1.3277,1.3192,1.3205
2024-12-07 20:00:00,1.3277,1.3349,1.3263,1.3272
2024-12-07 19:45:00,1.3297,1.3322,1.3263,1.3277
2024-12-07 19:30:00,1.3302,1.337,1.3261,1.3298
2024-12-07 19:15:00,1.3361,1.34,1.3303,1.3304
2024-12-07 19:00:00,1.3353,1.3402,1.3321,1.3362
2024-12-07 18:45:00,1.3324,1.3382,1.3303,1.3353
2024-12-07 18:30:00,1.3235,1.3331,1.3224,1.3328
2024-12-07 18:15:00,1.3251,1.3292,1.3148,1.3234
2024-12-07 18:00:00,1.3291,1.3344,1.3243,1.3251
2024-12-07 17:45:00,1.3397,1.34,1.3289,1.3291
2024-12-07 17:30:00,1.3407,1.3492,1.3392,1.3398
2024-12-07 17:15:00,1.3458,1.347,1.339,1.3407
2024-12-07 17:00:00,1.362,1.362,1.3458,1.3458
2024-12-07 16:45:00,1.3785,1.3849,1.3615,1.3621
2024-12-07 16:30:00,1.3792,1.3813,1.3734,1.3786
2024-12-07 16:15:00,1.383,1.388,1.3735,1.3794
2024-12-07 16:00:00,1.3834,1.3881,1.3744,1.3831
2024-12-07 15:45:00,1.3613,1.3864,1.3611,1.3836
2024-12-07 15:30:00,1.3605,1.3624,1.3561,1.3612
2024-12-07 15:15:00,1.3712,1.3747,1.3594,1.3605
2024-12-07 15:00:00,1.3677,1.3753,1.3635,1.3711
2024-12-07 14:45:00,1.3544,1.3684,1.35,1.3678
2024-12-07 14:30:00,1.3496,1.3553,1.3495,1.3545
2024-12-07 14:15:00,1.3572,1.3579,1.3495,1.3496
2024-12-07 14:00:00,1.3561,1.3617,1.3544,1.3574
2024-12-07 13:45:00,1.3547,1.3581,1.3538,1.356
2024-12-07 13:30:00,1.3632,1.3633,1.3542,1.3547
2024-12-07 13:15:00,1.3647,1.3668,1.3612,1.3632
2024-12-07 13:00:00,1.3768,1.3899,1.3639,1.3646
2024-12-07 12:45:00,1.3772,1.3806,1.3713,1.3769
2024-12-07 12:30:00,1.386,1.3908,1.3758,1.3773
2024-12-07 12:15:00,1.3812,1.3934,1.3737,1.3863
2024-12-07 12:00:00,1.3684,1.3812,1.3641,1.3812
2024-12-07 11:45:00,1.3478,1.3688,1.3453,1.3683
2024-12-07 11:30:00,1.3329,1.349,1.3329,1.3478
2024-12-07 11:15:00,1.3275,1.3342,1.3269,1.3329
2024-12-07 11:00:00,1.3309,1.3354,1.3257,1.3277
2024-12-07 10:45:00,1.3359,1.336,1.3268,1.3309
2024-12-07 10:30:00,1.3351,1.3408,1.333,1.3361
2024-12-07 10:15:00,1.3464,1.3482,1.3296,1.3354
2024-12-07 10:00:00,1.3466,1.3485,1.3443,1.3463
2024-12-07 09:45:00,1.3452,1.3485,1.3446,1.3466
2024-12-07 09:30:00,1.3487,1.35,1.3444,1.3452
2024-12-07 09:15:00,1.3524,1.3546,1.3445,1.3486
2024-12-07 09:00:00,1.35,1.3579,1.3485,1.3524
2024-12-07 08:45:00,1.3426,1.3515,1.3425,1.3497
2024-12-07 08:30:00,1.3465,1.3483,1.3378,1.3428
2024-12-07 08:15:00,1.3485,1.3497,1.3441,1.3466
2024-12-07 08:00:00,1.3466,1.3538,1.3464,1.3487
2024-12-07 07:45:00,1.3472,1.3499,1.3426,1.3466
2024-12-07 07:30:00,1.3453,1.3527,1.3399,1.347
2024-12-07 07:15:00,1.3447,1.3494,1.3419,1.3455
2024-12-07 07:00:00,1.3482,1.3557,1.341,1.3448
2024-12-07 06:45:00,1.3476,1.3502,1.3445,1.348
2024-12-07 06:30:00,1.3503,1.3507,1.3445,1.3479
2024-12-07 06:15:00,1.3631,1.3657,1.347,1.35
2024-12-07 06:00:00,1.368,1.3687,1.361,1.3629
2024-12-07 05:45:00,1.3523,1.3703,1.3503,1.3681
2024-12-07 05:30:00,1.3532,1.3562,1.3452,1.3524
2024-12-07 05:15:00,1.3552,1.3595,1.3524,1.3532
2024-12-07 05:00:00,1.3549,1.3576,1.3474,1.3555
2024-12-07 04:45:00,1.349,1.3578,1.3451,1.355
2024-12-07 04:30:00,1.3496,1.3527,1.3453,1.349
2024-12-07 04:15:00,1.3509,1.3563,1.3472,1.3499
2024-12-07 04:00:00,1.3518,1.353,1.3449,1.3511
2024-12-07 03:45:00,1.3487,1.3541,1.3478,1.3517
2024-12-07 03:30:00,1.3545,1.3547,1.3464,1.3485
2024-12-07 03:15:00,1.3569,1.3606,1.352,1.3546
2024-12-07 03:00:00,1.359,1.3677,1.3566,1.357
2024-12-07 02:45:00,1.3582,1.3706,1.3503,1.359
2024-12-07 02:30:00,1.3556,1.3614,1.3511,1.3584
2024-12-07 02:15:00,1.3566,1.3599,1.3503,1.3555
2024-12-07 02:00:00,1.3515,1.3628,1.3481,1.3567
2024-12-07 01:45:00,1.3618,1.3642,1.3498,1.3517
2024-12-07 01:30:00,1.35,1.3675,1.34,1.3617
2024-12-07 01:15:00,1.3339,1.3528,1.3339,1.3503
2024-12-07 01:00:00,1.3159,1.335,1.3137,1.3339
2024-12-07 00:45:00,1.3271,1.3271,1.3155,1.3159
2024-12-07 00:30:00,1.3447,1.3476,1.3259,1.3272
2024-12-07 00:15:00,1.3234,1.3488,1.3208,1.3446
2024-12-07 00:00:00,1.3087,1.3236,1.3087,1.3234
2024-12-06 23:45:00,1.3048,1.3096,1.3031,1.3087
2024-12-06 23:30:00,1.294,1.3053,1.2933,1.3048
2024-12-06 23:15:00,1.3057,1.3058,1.2925,1.2939
2024-12-06 23:00:00,1.3045,1.3083,1.302,1.3057
2024-12-06 22:45:00,1.3077,1.312,1.3047,1.3047
2024-12-06 22:30:00,1.3124,1.3149,1.3068,1.3079
2024-12-06 22:15:00,1.3033,1.3126,1.3029,1.3124
2024-12-06 22:00:00,1.3007,1.3092,1.3,1.3032
2024-12-06 21:45:00,1.312,1.3133,1.3006,1.3007
2024-12-06 21:30:00,1.3167,1.3209,1.31,1.3119
2024-12-06 21:15:00,1.3204,1.3207,1.3122,1.3166
2024-12-06 21:00:00,1.3222,1.325,1.3168,1.3206
2024-12-06 20:45:00,1.3291,1.3301,1.3197,1.3222
2024-12-06 20:30:00,1.3284,1.3308,1.3256,1.329
2024-12-06 20:15:00,1.3346,1.3384,1.3266,1.3284
2024-12-06 20:00:00,1.341,1.3411,1.3332,1.3344
2024-12-06 19:45:00,1.3364,1.3435,1.3358,1.3409
2024-12-06 19:30:00,1.3509,1.3573,1.3357,1.3364
2024-12-06 19:15:00,1.3477,1.3552,1.3453,1.3509
2024-12-06 19:00:00,1.3446,1.3477,1.3377,1.3477
2024-12-06 18:45:00,1.3512,1.3623,1.3399,1.3448
2024-12-06 18:30:00,1.3289,1.355,1.3284,1.3511
2024-12-06 18:15:00,1.3258,1.3293,1.3239,1.329
2024-12-06 18:00:00,1.3249,1.3323,1.3205,1.3259
2024-12-06 17:45:00,1.3316,1.3319,1.3176,1.3249
2024-12-06 17:30:00,1.329,1.3337,1.3237,1.3314
2024-12-06 17:15:00,1.3251,1.3293,1.3242,1.329
2024-12-06 17:00:00,1.3262,1.3284,1.32,1.3252
2024-12-06 16:45:00,1.3206,1.3274,1.3183,1.3262
2024-12-06 16:30:00,1.3288,1.333,1.3205,1.3206
2024-12-06 16:15:00,1.3272,1.3337,1.3204,1.3288
2024-12-06 16:00:00,1.3219,1.3351,1.3208,1.3271
2024-12-06 15:45:00,1.3315,1.3318,1.3142,1.3218
2024-12-06 15:30:00,1.3241,1.3338,1.3231,1.3314
2024-12-06 15:15:00,1.32,1.3255,1.3135,1.3243
2024-12-06 15:00:00,1.3256,1.3273,1.3112,1.32
2024-12-06 14:45:00,1.3121,1.3311,1.3121,1.3256
2024-12-06 14:30:00,1.308,1.3184,1.299,1.3124
2024-12-06 14:15:00,1.2898,1.3116,1.2857,1.3081
2024-12-06 14:00:00,1.298,1.3016,1.2823,1.2898
2024-12-06 13:45:00,1.3123,1.3175,1.2936,1.2982
2024-12-06 13:30:00,1.2824,1.316,1.2767,1.312
2024-12-06 13:15:00,1.2873,1.2903,1.2687,1.2822
2024-12-06 13:00:00,1.2816,1.2978,1.2812,1.2874
2024-12-06 12:45:00,1.2922,1.298,1.2772,1.2816
2024-12-06 12:30:00,1.3024,1.3086,1.2909,1.2921
2024-12-06 12:15:00,1.31,1.3142,1.3002,1.3022
2024-12-06 12:00:00,1.2848,1.3134,1.2835,1.3098
2024-12-06 11:45:00,1.2824,1.2889,1.2788,1.2852
2024-12-06 11:30:00,1.2839,1.297,1.2821,1.2824
2024-12-06 11:15:00,1.2712,1.29,1.2706,1.2839
2024-12-06 11:00:00,1.2779,1.2818,1.2682,1.2714
2024-12-06 10:45:00,1.281,1.2828,1.2742,1.2779
2024-12-06 10:30:00,1.2643,1.2845,1.26,1.281
2024-12-06 10:15:00,1.2618,1.273,1.2604,1.2641
2024-12-06 10:00:00,1.2796,1.2836,1.2598,1.2622
2024-12-06 09:45:00,1.2853,1.2911,1.2778,1.2796
2024-12-06 09:30:00,1.2841,1.2866,1.2765,1.2854
2024-12-06 09:15:00,1.2925,1.2958,1.2818,1.2842
2024-12-06 09:00:00,1.2947,1.297,1.2837,1.2926
2024-12-06 08:45:00,1.3088,1.3102,1.2941,1.2946
2024-12-06 08:30:00,1.3008,1.3102,1.2982,1.3087
2024-12-06 08:15:00,1.3045,1.3079,1.2981,1.301
2024-12-06 08:00:00,1.3041,1.3128,1.3023,1.3046
2024-12-06 07:45:00,1.2989,1.3081,1.2955,1.3043
2024-12-06 07:30:00,1.2988,1.3039,1.2986,1.299
2024-12-06 07:15:00,1.3,1.3047,1.2984,1.2988
2024-12-06 07:00:00,1.3174,1.319,1.2989,1.3
2024-12-06 06:45:00,1.3202,1.3262,1.3112,1.3173
2024-12-06 06:30:00,1.3335,1.3383,1.3201,1.3201
2024-12-06 06:15:00,1.3434,1.3489,1.3325,1.3334
2024-12-06 06:00:00,1.3273,1.353,1.3273,1.3435
2024-12-06 05:45:00,1.3353,1.3393,1.3262,1.3273
2024-12-06 05:30:00,1.3371,1.3452,1.3319,1.3353
2024-12-06 05:15:00,1.3332,1.3415,1.3286,1.3372
2024-12-06 05:00:00,1.3305,1.3373,1.3274,1.3332
2024-12-06 04:45:00,1.3193,1.3329,1.3142,1.3306
2024-12-06 04:30:00,1.3116,1.3221,1.3087,1.3193
2024-12-06 04:15:00,1.3179,1.3273,1.3109,1.3119
2024-12-06 04:00:00,1.2998,1.334,1.2995,1.318
2024-12-06 03:45:00,1.2998,1.3045,1.2933,1.2998
2024-12-06 03:30:00,1.2925,1.3014,1.2904,1.2998
2024-12-06 03:15:00,1.2981,1.3034,1.2914,1.2926
2024-12-06 03:00:00,1.3067,1.3072,1.2936,1.2981
2024-12-06 02:45:00,1.3057,1.3154,1.3048,1.3067
2024-12-06 02:30:00,1.3124,1.3126,1.3,1.3059
2024-12-06 02:15:00,1.3064,1.3142,1.305,1.3123
2024-12-06 02:00:00,1.3194,1.3219,1.3031,1.3063
2024-12-06 01:45:00,1.3205,1.3258,1.317,1.3194
2024-12-06 01:30:00,1.3247,1.336,1.3178,1.3205
2024-12-06 01:15:00,1.3344,1.3385,1.3217,1.3248
2024-12-06 01:00:00,1.343,1.3443,1.3272,1.3344
2024-12-06 00:45:00,1.32,1.3488,1.3102,1.3432
2024-12-06 00:30:00,1.3023,1.3241,1.3013,1.3201
2024-12-06 00:15:00,1.3037,1.3231,1.2987,1.3022
2024-12-06 00:00:00,1.3148,1.3179,1.2884,1.3039
2024-12-05 23:45:00,1.3085,1.3171,1.2978,1.3147
2024-12-05 23:30:00,1.327,1.3308,1.3016,1.3086
2024-12-05 23:15:00,1.3085,1.3468,1.3027,1.3269
2024-12-05 23:00:00,1.3241,1.3241,1.2877,1.3088
2024-12-05 22:45:00,1.3069,1.33,1.3066,1.3242
2024-12-05 22:30:00,1.2492,1.3097,1.2478,1.3071
2024-12-05 22:15:00,1.2773,1.2839,1.21,1.2487
2024-12-05 22:00:00,1.2934,1.2997,1.2741,1.2776
2024-12-05 21:45:00,1.3031,1.3045,1.293,1.2937
2024-12-05 21:30:00,1.3098,1.3109,1.2957,1.3024
2024-12-05 21:15:00,1.3088,1.3213,1.2955,1.3098
2024-12-05 21:00:00,1.318,1.3192,1.305,1.3092
2024-12-05 20:45:00,1.3179,1.3314,1.3099,1.3181
2024-12-05 20:30:00,1.2801,1.3307,1.2697,1.3183
2024-12-05 20:15:00,1.2788,1.29,1.268,1.2806
2024-12-05 20:00:00,1.2633,1.2872,1.2529,1.279
2024-12-05 19:45:00,1.2892,1.2903,1.2556,1.2637
2024-12-05 19:30:00,1.3096,1.3171,1.2857,1.2892
2024-12-05 19:15:00,1.3017,1.3155,1.2992,1.3096
2024-12-05 19:00:00,1.2888,1.3102,1.2759,1.302
2024-12-05 18:45:00,1.2819,1.3037,1.2812,1.2887
2024-12-05 18:30:00,1.2617,1.2824,1.2597,1.2814
2024-12-05 18:15:00,1.2691,1.2729,1.2581,1.2619
2024-12-05 18:00:00,1.2667,1.2721,1.2606,1.2695
2024-12-05 17:45:00,1.2674,1.2738,1.262,1.2663
2024-12-05 17:30:00,1.2582,1.2695,1.2455,1.2674
2024-12-05 17:15:00,1.26,1.2646,1.256,1.2583
2024-12-05 17:00:00,1.2574,1.2719,1.2549,1.26
2024-12-05 16:45:00,1.2644,1.2728,1.2571,1.2574
2024-12-05 16:30:00,1.2578,1.2644,1.244,1.2642
2024-12-05 16:15:00,1.2571,1.2686,1.257,1.2579
2024-12-05 16:00:00,1.2679,1.2705,1.2571,1.2571
2024-12-05 15:45:00,1.25,1.271,1.2491,1.2677
2024-12-05 15:30:00,1.2527,1.2656,1.246,1.2495
2024-12-05 15:15:00,1.2683,1.2743,1.2431,1.2526
2024-12-05 15:00:00,1.2623,1.2684,1.2587,1.2678
2024-12-05 14:45:00,1.2617,1.2744,1.2604,1.2622
2024-12-05 14:30:00,1.2574,1.2677,1.2481,1.2616
2024-12-05 14:15:00,1.2724,1.2783,1.2511,1.2572
2024-12-05 14:00:00,1.2846,1.2906,1.2709,1.2725
2024-12-05 13:45:00,1.2799,1.2985,1.2761,1.2847
2024-12-05 13:30:00,1.2663,1.284,1.259,1.2801
2024-12-05 13:15:00,1.2571,1.2699,1.2569,1.2666
2024-12-05 13:00:00,1.2607,1.2628,1.2509,1.257
2024-12-05 12:45:00,1.2646,1.2678,1.2579,1.2601
2024-12-05 12:30:00,1.2598,1.27,1.2562,1.2645
2024-12-05 12:15:00,1.2505,1.2643,1.2504,1.2598
2024-12-05 12:00:00,1.2378,1.2508,1.2373,1.2506
2024-12-05 11:45:00,1.2417,1.2431,1.2352,1.238
2024-12-05 11:30:00,1.2373,1.2455,1.2357,1.2418
2024-12-05 11:15:00,1.2461,1.2472,1.236,1.2377
2024-12-05 11:00:00,1.2381,1.2466,1.2329,1.2462
2024-12-05 10:45:00,1.2419,1.2422,1.2345,1.2377
2024-12-05 10:30:00,1.2412,1.2429,1.2338,1.2419
2024-12-05 10:15:00,1.2445,1.2533,1.2393,1.2413
2024-12-05 10:00:00,1.2581,1.2628,1.2409,1.244
2024-12-05 09:45:00,1.2628,1.263,1.2515,1.2579
2024-12-05 09:30:00,1.2497,1.2675,1.2457,1.2633
2024-12-05 09:15:00,1.2401,1.255,1.2377,1.2498
2024-12-05 09:00:00,1.237,1.25,1.2296,1.2401
2024-12-05 08:45:00,1.2407,1.2421,1.2314,1.2368
2024-12-05 08:30:00,1.2332,1.249,1.2317,1.2406
2024-12-05 08:15:00,1.2439,1.2474,1.2325,1.2331
2024-12-05 08:00:00,1.2306,1.2452,1.2246,1.2443
2024-12-05 07:45:00,1.2238,1.2323,1.2234,1.2304
2024-12-05 07:30:00,1.2226,1.2277,1.2192,1.2242
2024-12-05 07:15:00,1.2196,1.2231,1.2133,1.2223
2024-12-05 07:00:00,1.2231,1.2361,1.218,1.2196
2024-12-05 06:45:00,1.2328,1.234,1.2224,1.2231
2024-12-05 06:30:00,1.2348,1.2348,1.2251,1.2329
2024-12-05 06:15:00,1.2298,1.2351,1.2159,1.2348
2024-12-05 06:00:00,1.2256,1.2428,1.2235,1.2297
2024-12-05 05:45:00,1.2147,1.228,1.2055,1.2254
2024-12-05 05:30:00,1.2312,1.2338,1.2098,1.2149
2024-12-05 05:15:00,1.2134,1.2358,1.2133,1.2312
2024-12-05 05:00:00,1.2122,1.2176,1.21,1.2136
2024-12-05 04:45:00,1.2184,1.2221,1.2105,1.2124
2024-12-05 04:30:00,1.2021,1.2208,1.2005,1.2185
2024-12-05 04:15:00,1.1985,1.2089,1.1971,1.2021
2024-12-05 04:00:00,1.1856,1.2011,1.179,1.1993
2024-12-05 03:45:00,1.1961,1.1982,1.1757,1.1856
2024-12-05 03:30:00,1.2125,1.2147,1.1906,1.1963
2024-12-05 03:15:00,1.2172,1.2291,1.212,1.2127
2024-12-05 03:00:00,1.2044,1.2193,1.2038,1.2173
2024-12-05 02:45:00,1.223,1.2245,1.2034,1.2044
2024-12-05 02:30:00,1.2033,1.2232,1.1978,1.2229
2024-12-05 02:15:00,1.1842,1.2033,1.1816,1.2028
2024-12-05 02:00:00,1.1705,1.1842,1.1689,1.1842
2024-12-05 01:45:00,1.1747,1.1787,1.1668,1.1706
2024-12-05 01:30:00,1.1641,1.1778,1.1586,1.1751
2024-12-05 01:15:00,1.1614,1.1784,1.1519,1.1641
2024-12-05 01:00:00,1.1901,1.1918,1.1601,1.1615
2024-12-05 00:45:00,1.1947,1.2009,1.1876,1.1904
2024-12-05 00:30:00,1.1983,1.2057,1.1927,1.1945
2024-12-05 00:15:00,1.2032,1.2058,1.1921,1.1982
2024-12-05 00:00:00,1.2116,1.2156,1.1982,1.2032
2024-12-04 23:45:00,1.2092,1.2149,1.204,1.2116
2024-12-04 23:30:00,1.1908,1.2094,1.1884,1.2091
2024-12-04 23:15:00,1.2045,1.2057,1.19,1.1908
2024-12-04 23:00:00,1.2098,1.2137,1.1988,1.2045
2024-12-04 22:45:00,1.2231,1.2233,1.2042,1.2102
2024-12-04 22:30:00,1.2247,1.2264,1.2173,1.2233
2024-12-04 22:15:00,1.2229,1.2268,1.2212,1.2248
2024-12-04 22:00:00,1.2207,1.228,1.2176,1.2225
2024-12-04 21:45:00,1.2179,1.2233,1.213,1.2207
2024-12-04 21:30:00,1.218,1.2259,1.2126,1.2177
2024-12-04 21:15:00,1.2042,1.2273,1.1966,1.2186
2024-12-04 21:00:00,1.212,1.2153,1.1997,1.2039
2024-12-04 20:45:00,1.223,1.2231,1.1955,1.2121
2024-12-04 20:30:00,1.2338,1.2358,1.2193,1.2233
2024-12-04 20:15:00,1.2411,1.2483,1.2339,1.2339
2024-12-04 20:00:00,1.238,1.2413,1.2251,1.2409
2024-12-04 19:45:00,1.2367,1.2406,1.2317,1.238
2024-12-04 19:30:00,1.2397,1.2427,1.2344,1.2365
2024-12-04 19:15:00,1.2383,1.2471,1.2363,1.2398
2024-12-04 19:00:00,1.2333,1.2441,1.2289,1.2378
2024-12-04 18:45:00,1.2219,1.2357,1.2219,1.2335
2024-12-04 18:30:00,1.2273,1.228,1.215,1.2217
2024-12-04 18:15:00,1.2312,1.234,1.2174,1.2278
2024-12-04 18:00:00,1.216,1.2354,1.2117,1.231
2024-12-04 17:45:00,1.1998,1.2174,1.191,1.216
2024-12-04 17:30:00,1.1957,1.2094,1.1905,1.1995
2024-12-04 17:15:00,1.1891,1.2038,1.1849,1.195
2024-12-04 17:00:00,1.1869,1.2069,1.1834,1.1892
2024-12-04 16:45:00,1.1953,1.1992,1.1801,1.1873
2024-12-04 16:30:00,1.2132,1.2266,1.1941,1.1949
2024-12-04 16:15:00,1.2171,1.2274,1.21,1.213
2024-12-04 16:00:00,1.2352,1.2402,1.2154,1.2171
2024-12-04 15:45:00,1.2548,1.2626,1.2248,1.2352
2024-12-04 15:30:00,1.2738,1.2767,1.2527,1.2547
2024-12-04 15:15:00,1.2544,1.274,1.2511,1.2738
2024-12-04 15:00:00,1.2419,1.2638,1.2328,1.2546
2024-12-04 14:45:00,1.2559,1.2568,1.2403,1.2423
2024-12-04 14:30:00,1.2472,1.2677,1.2395,1.2558
2024-12-04 14:15:00,1.2451,1.2498,1.2366,1.2471
2024-12-04 14:00:00,1.26,1.2627,1.2405,1.2458
2024-12-04 13:45:00,1.2618,1.2661,1.2455,1.2593
2024-12-04 13:30:00,1.2555,1.2621,1.25,1.2615
2024-12-04 13:15:00,1.268,1.268,1.2533,1.2554
2024-12-04 13:00:00,1.2558,1.2706,1.2498,1.2683
2024-12-04 12:45:00,1.2454,1.2588,1.2452,1.2557
2024-12-04 12:30:00,1.2372,1.2553,1.2301,1.2454
2024-12-04 12:15:00,1.2386,1.2431,1.2272,1.2373
2024-12-04 12:00:00,1.2638,1.2673,1.2363,1.2388
2024-12-04 11:45:00,1.2694,1.2738,1.2633,1.264
2024-12-04 11:30:00,1.2727,1.2793,1.2653,1.2694
2024-12-04 11:15:00,1.2656,1.2782,1.2601,1.2728
2024-12-04 11:00:00,1.2531,1.267,1.2527,1.2656
2024-12-04 10:45:00,1.2557,1.2563,1.2495,1.2534
2024-12-04 10:30:00,1.2527,1.258,1.2505,1.2558
2024-12-04 10:15:00,1.2426,1.2538,1.2403,1.2528
2024-12-04 10:00:00,1.2395,1.2437,1.2321,1.2427
2024-12-04 09:45:00,1.2696,1.2741,1.2341,1.2398
2024-12-04 09:30:00,1.2617,1.2719,1.2512,1.2695
2024-12-04 09:15:00,1.2637,1.2651,1.2589,1.262
2024-12-04 09:00:00,1.2583,1.2681,1.258,1.263
2024-12-04 08:45:00,1.2601,1.2614,1.2557,1.2581
2024-12-04 08:30:00,1.2668,1.2668,1.2543,1.26
2024-12-04 08:15:00,1.2674,1.2723,1.2588,1.2669
2024-12-04 08:00:00,1.2697,1.2768,1.2672,1.2674
2024-12-04 07:45:00,1.279,1.2804,1.2681,1.2698
2024-12-04 07:30:00,1.2754,1.2808,1.2713,1.2792
2024-12-04 07:15:00,1.2699,1.28,1.2685,1.2755
2024-12-04 07:00:00,1.2703,1.2719,1.2668,1.2698
2024-12-04 06:45:00,1.2638,1.2747,1.2619,1.2701
2024-12-04 06:30:00,1.2537,1.2726,1.2519,1.264
2024-12-04 06:15:00,1.247,1.2536,1.2426,1.2536
2024-12-04 06:00:00,1.2635,1.2646,1.245,1.2468
2024-12-04 05:45:00,1.2658,1.2726,1.2635,1.2635
2024-12-04 05:30:00,1.2616,1.2709,1.2573,1.2659
2024-12-04 05:15:00,1.2636,1.2695,1.26,1.2615
2024-12-04 05:00:00,1.2823,1.2836,1.2602,1.2633
2024-12-04 04:45:00,1.2668,1.29,1.2662,1.2828
2024-12-04 04:30:00,1.2651,1.278,1.2625,1.2666
2024-12-04 04:15:00,1.2524,1.268,1.2512,1.2652
2024-12-04 04:00:00,1.2453,1.2542,1.2413,1.2529
2024-12-04 03:45:00,1.2462,1.2473,1.2409,1.2457
2024-12-04 03:30:00,1.2475,1.2534,1.2424,1.2461
2024-12-04 03:15:00,1.2362,1.2483,1.2361,1.2476
2024-12-04 03:00:00,1.2318,1.2374,1.2296,1.2363
2024-12-04 02:45:00,1.2401,1.2438,1.2298,1.2319
2024-12-04 02:30:00,1.2488,1.251,1.2399,1.2401
2024-12-04 02:15:00,1.2493,1.2567,1.2396,1.2487
2024-12-04 02:00:00,1.2527,1.2605,1.2462,1.2493
2024-12-04 01:45:00,1.2542,1.2574,1.25,1.2529
2024-12-04 01:30:00,1.2356,1.2586,1.2307,1.2544
2024-12-04 01:15:00,1.2262,1.2365,1.2225,1.2355
2024-12-04 01:00:00,1.2457,1.2509,1.2262,1.2262
2024-12-04 00:45:00,1.2449,1.254,1.2396,1.2457
2024-12-04 00:30:00,1.254,1.2758,1.2396,1.2452
2024-12-04 00:15:00,1.254,1.2662,1.2489,1.2538
2024-12-04 00:00:00,1.2423,1.2608,1.2409,1.2536
2024-12-03 23:45:00,1.251,1.2608,1.2408,1.2423
2024-12-03 23:30:00,1.2414,1.2557,1.241,1.2513
2024-12-03 23:15:00,1.2508,1.2605,1.2408,1.2412
2024-12-03 23:00:00,1.2681,1.2686,1.2487,1.2509
2024-12-03 22:45:00,1.2594,1.2727,1.2593,1.2681
2024-12-03 22:30:00,1.2551,1.2625,1.25,1.2594
2024-12-03 22:15:00,1.2568,1.2659,1.2513,1.2546
2024-12-03 22:00:00,1.2636,1.266,1.2395,1.2569
2024-12-03 21:45:00,1.2696,1.2802,1.2622,1.263
2024-12-03 21:30:00,1.2745,1.2775,1.2662,1.27
2024-12-03 21:15:00,1.2721,1.2824,1.2697,1.2747
2024-12-03 21:00:00,1.2558,1.272,1.2545,1.272
2024-12-03 20:45:00,1.2583,1.2597,1.2489,1.256
2024-12-03 20:30:00,1.251,1.2643,1.2509,1.2581
2024-12-03 20:15:00,1.2577,1.2583,1.2414,1.2511
2024-12-03 20:00:00,1.2401,1.2639,1.24,1.2576
2024-12-03 19:45:00,1.2438,1.2463,1.2368,1.2404
2024-12-03 19:30:00,1.2434,1.2468,1.2374,1.2437
2024-12-03 19:15:00,1.2437,1.2512,1.2358,1.2434
2024-12-03 19:00:00,1.2674,1.2677,1.2431,1.2437
2024-12-03 18:45:00,1.2791,1.2838,1.2545,1.2674
2024-12-03 18:30:00,1.2786,1.2854,1.2725,1.279
2024-12-03 18:15:00,1.2666,1.2863,1.2666,1.2785
2024-12-03 18:00:00,1.2902,1.2955,1.2631,1.2664
2024-12-03 17:45:00,1.2781,1.2931,1.2689,1.29
2024-12-03 17:30:00,1.2655,1.2869,1.2622,1.278
2024-12-03 17:15:00,1.268,1.2782,1.2522,1.2657
2024-12-03 17:00:00,1.2722,1.2802,1.2625,1.2682
2024-12-03 16:45:00,1.2767,1.2821,1.2632,1.2721
2024-12-03 16:30:00,1.2991,1.3028,1.2735,1.2767
2024-12-03 16:15:00,1.3009,1.3121,1.2903,1.2992
2024-12-03 16:00:00,1.2979,1.3328,1.2937,1.3008
2024-12-03 15:45:00,1.3452,1.3459,1.2902,1.2981
2024-12-03 15:30:00,1.3129,1.35,1.2914,1.3456
2024-12-03 15:15:00,1.2927,1.34,1.2811,1.3132
2024-12-03 15:00:00,1.2795,1.2968,1.2521,1.2927
2024-12-03 14:45:00,1.2445,1.2879,1.2369,1.2794
2024-12-03 14:30:00,1.2146,1.2446,1.1742,1.2446
2024-12-03 14:15:00,1.234,1.2461,1.2088,1.2146
2024-12-03 14:00:00,1.2016,1.2362,1.1981,1.2333
2024-12-03 13:45:00,1.2348,1.2377,1.1723,1.2016
2024-12-03 13:30:00,1.2578,1.258,1.2229,1.235
2024-12-03 13:15:00,1.2411,1.27,1.2389,1.2579
2024-12-03 13:00:00,1.2351,1.2607,1.2343,1.241
2024-12-03 12:45:00,1.2224,1.2372,1.2216,1.2352
2024-12-03 12:30:00,1.2288,1.2329,1.22,1.2222
2024-12-03 12:15:00,1.2303,1.237,1.2264,1.2288
2024-12-03 12:00:00,1.2422,1.244,1.2251,1.2301
2024-12-03 11:45:00,1.2378,1.2499,1.2358,1.2422
2024-12-03 11:30:00,1.2466,1.2484,1.2346,1.2381
2024-12-03 11:15:00,1.2544,1.2547,1.2411,1.2465
2024-12-03 11:00:00,1.2368,1.2554,1.2361,1.2547
2024-12-03 10:45:00,1.2539,1.2613,1.2296,1.237
2024-12-03 10:30:00,1.2525,1.2616,1.2452,1.2537
2024-12-03 10:15:00,1.2652,1.2676,1.2494,1.2524
2024-12-03 10:00:00,1.2724,1.2756,1.2502,1.2652
2024-12-03 09:45:00,1.2694,1.2805,1.2578,1.2728
2024-12-03 09:30:00,1.2736,1.3,1.2694,1.2695
2024-12-03 09:15:00,1.2721,1.282,1.2526,1.2737
2024-12-03 09:00:00,1.2832,1.2832,1.2617,1.2721
2024-12-03 08:45:00,1.2644,1.3,1.2572,1.2835
2024-12-03 08:30:00,1.2844,1.29,1.2603,1.2648
2024-12-03 08:15:00,1.2544,1.2859,1.2417,1.2844
2024-12-03 08:00:00,1.2364,1.28,1.2315,1.2543
2024-12-03 07:45:00,1.239,1.2501,1.2293,1.2362
2024-12-03 07:30:00,1.2555,1.2571,1.234,1.2391
2024-12-03 07:15:00,1.2243,1.2568,1.2145,1.2556
2024-12-03 07:00:00,1.213,1.2383,1.2035,1.2241
2024-12-03 06:45:00,1.2277,1.2292,1.1998,1.2132
2024-12-03 06:30:00,1.2191,1.2286,1.2188,1.2279
2024-12-03 06:15:00,1.2181,1.2227,1.2146,1.2189
2024-12-03 06:00:00,1.2033,1.219,1.2007,1.2182
2024-12-03 05:45:00,1.2032,1.2038,1.1965,1.2034
2024-12-03 05:30:00,1.2075,1.2087,1.2001,1.2031
2024-12-03 05:15:00,1.202,1.2077,1.1968,1.2075
2024-12-03 05:00:00,1.1932,1.2043,1.1926,1.2021
2024-12-03 04:45:00,1.1886,1.1996,1.1862,1.1932
2024-12-03 04:30:00,1.1869,1.1943,1.1865,1.1883
2024-12-03 04:15:00,1.1869,1.1923,1.1848,1.1868
2024-12-03 04:00:00,1.1804,1.1896,1.1761,1.187
2024-12-03 03:45:00,1.1925,1.1951,1.1786,1.1805
2024-12-03 03:30:00,1.2012,1.203,1.1899,1.1926
2024-12-03 03:15:00,1.2087,1.2111,1.2001,1.2012
2024-12-03 03:00:00,1.2169,1.2219,1.2006,1.2086
2024-12-03 02:45:00,1.2128,1.2439,1.2087,1.2168
2024-12-03 02:30:00,1.2116,1.2161,1.2022,1.2128
2024-12-03 02:15:00,1.2167,1.2234,1.211,1.2115
2024-12-03 02:00:00,1.2209,1.226,1.2116,1.2164
2024-12-03 01:45:00,1.2411,1.2438,1.2202,1.2211
2024-12-03 01:30:00,1.2388,1.2454,1.2288,1.2411
2024-12-03 01:15:00,1.241,1.2619,1.2357,1.2387
2024-12-03 01:00:00,1.2249,1.2575,1.2226,1.2409
2024-12-03 00:45:00,1.2341,1.2378,1.2185,1.2251
2024-12-03 00:30:00,1.271,1.271,1.2335,1.2341
2024-12-03 00:15:00,1.2442,1.2765,1.2442,1.271
2024-12-03 00:00:00,1.2476,1.2691,1.231,1.2444
2024-12-02 23:45:00,1.2418,1.2723,1.2348,1.2477
2024-12-02 23:30:00,1.2238,1.2425,1.2169,1.2419
2024-12-02 23:15:00,1.2047,1.2263,1.2008,1.224
2024-12-02 23:00:00,1.1724,1.2094,1.1717,1.2047
2024-12-02 22:45:00,1.1792,1.1859,1.1716,1.1725
2024-12-02 22:30:00,1.1772,1.1908,1.1701,1.1792
2024-12-02 22:15:00,1.1856,1.1889,1.174,1.1771
2024-12-02 22:00:00,1.1975,1.2054,1.1729,1.1859
2024-12-02 21:45:00,1.205,1.2237,1.1926,1.1972
2024-12-02 21:30:00,1.1693,1.2099,1.1624,1.205
2024-12-02 21:15:00,1.1782,1.197,1.1687,1.1694
2024-12-02 21:00:00,1.164,1.1793,1.1489,1.1782
2024-12-02 20:45:00,1.1657,1.1829,1.1439,1.1643
2024-12-02 20:30:00,1.1395,1.1975,1.1328,1.1658
2024-12-02 20:15:00,1.0986,1.14,1.0966,1.1395
2024-12-02 20:00:00,1.0843,1.099,1.0789,1.0988
2024-12-02 19:45:00,1.0688,1.0871,1.065,1.0842
2024-12-02 19:30:00,1.0424,1.0694,1.0395,1.0687
2024-12-02 19:15:00,1.042,1.0429,1.0274,1.0423
2024-12-02 19:00:00,1.0415,1.0516,1.038,1.0421
2024-12-02 18:45:00,1.0333,1.0418,1.029,1.0418
2024-12-02 18:30:00,1.031,1.0394,1.0303,1.0331
2024-12-02 18:15:00,1.0124,1.031,1.011,1.0309
2024-12-02 18:00:00,0.9941,1.0132,0.9935,1.0122
2024-12-02 17:45:00,1.0089,1.0091,0.9875,0.9938
2024-12-02 17:30:00,1.0064,1.01,1,1.0091
2024-12-02 17:15:00,1.0207,1.0216,1.0017,1.0063
2024-12-02 17:00:00,1.0179,1.0248,1.0159,1.0206
2024-12-02 16:45:00,1.0106,1.0198,1.008,1.0179
2024-12-02 16:30:00,1.0173,1.028,1.0025,1.0105
2024-12-02 16:15:00,1.0365,1.0379,1.0171,1.0173
2024-12-02 16:00:00,1.0407,1.0426,1.0293,1.0366
2024-12-02 15:45:00,1.0477,1.0486,1.0366,1.0407
2024-12-02 15:30:00,1.0406,1.0505,1.0392,1.0478
2024-12-02 15:15:00,1.0268,1.0464,1.02,1.0407
2024-12-02 15:00:00,1.0253,1.0301,1.016,1.0268
2024-12-02 14:45:00,1.0351,1.0381,1.022,1.0253
2024-12-02 14:30:00,1.0193,1.0356,1.0189,1.035
2024-12-02 14:15:00,1.0174,1.0202,1.0108,1.0192
2024-12-02 14:00:00,1.0248,1.03,1.0159,1.0172
2024-12-02 13:45:00,1.0191,1.0265,1.0161,1.0251
2024-12-02 13:30:00,1.0183,1.025,1.0123,1.019
2024-12-02 13:15:00,1.0078,1.021,1.0077,1.0183
2024-12-02 13:00:00,1.001,1.0088,0.9967,1.008
2024-12-02 12:45:00,1.0149,1.0154,0.9978,1.001
2024-12-02 12:30:00,1.0155,1.0187,1.0112,1.0151
2024-12-02 12:15:00,1.0015,1.0163,1.0006,1.0155
2024-12-02 12:00:00,0.9966,1.0042,0.9929,1.0014
2024-12-02 11:45:00,1.001,1.0029,0.9951,0.9968
2024-12-02 11:30:00,1.0049,1.0054,0.999,1.001
2024-12-02 11:15:00,0.9929,1.0058,0.9925,1.0048
2024-12-02 11:00:00,0.9857,0.996,0.9813,0.993
2024-12-02 10:45:00,0.9938,0.9996,0.9827,0.9854
2024-12-02 10:30:00,1.0011,1.0015,0.9911,0.9938
2024-12-02 10:15:00,1.0012,1.0065,0.9989,1.0011
2024-12-02 10:00:00,1.0106,1.0119,0.998,1.0008
2024-12-02 09:45:00,1.0023,1.0139,1.0001,1.0108
2024-12-02 09:30:00,1.0114,1.0159,0.9996,1.0023
2024-12-02 09:15:00,1.0154,1.0186,1.0085,1.0114
2024-12-02 09:00:00,1.0095,1.0187,0.9988,1.0157
2024-12-02 08:45:00,1.0069,1.0199,0.9922,1.0099
2024-12-02 08:30:00,1.0189,1.0261,0.99,1.0069
2024-12-02 08:15:00,1.0372,1.0398,1.0158,1.0187
2024-12-02 08:00:00,1.0365,1.0422,1.0329,1.0373
2024-12-02 07:45:00,1.0396,1.0434,1.0359,1.0365
2024-12-02 07:30:00,1.0372,1.0416,1.0338,1.0394
2024-12-02 07:15:00,1.0506,1.0513,1.027,1.0373
2024-12-02 07:00:00,1.0515,1.06,1.0503,1.0507
2024-12-02 06:45:00,1.0454,1.0561,1.0441,1.0516
2024-12-02 06:30:00,1.0317,1.0522,1.0309,1.0452
2024-12-02 06:15:00,1.0248,1.0321,1.0223,1.0319
2024-12-02 06:00:00,1.0341,1.0341,1.0234,1.0245
2024-12-02 05:45:00,1.0274,1.0354,1.0222,1.0343
2024-12-02 05:30:00,1.0369,1.037,1.0259,1.0274
2024-12-02 05:15:00,1.0323,1.042,1.0306,1.0371
2024-12-02 05:00:00,1.0259,1.0345,1.0212,1.0324
2024-12-02 04:45:00,1.0222,1.027,1.0144,1.0259
2024-12-02 04:30:00,1.0156,1.0286,1.0145,1.0221
2024-12-02 04:15:00,1.0201,1.0282,1.0075,1.0156
2024-12-02 04:00:00,1.037,1.0444,1.0195,1.0199
2024-12-02 03:45:00,1.0705,1.0709,1.0321,1.037
2024-12-02 03:30:00,1.0881,1.0883,1.0701,1.0705
2024-12-02 03:15:00,1.0872,1.0923,1.0824,1.0882
2024-12-02 03:00:00,1.0989,1.1007,1.087,1.0873
2024-12-02 02:45:00,1.096,1.0989,1.0901,1.0989
2024-12-02 02:30:00,1.0975,1.0988,1.0896,1.096
2024-12-02 02:15:00,1.093,1.0975,1.0789,1.0975
2024-12-02 02:00:00,1.0944,1.1055,1.0913,1.0935
2024-12-02 01:45:00,1.0856,1.0964,1.0793,1.0944
2024-12-02 01:30:00,1.0909,1.097,1.0833,1.0858
2024-12-02 01:15:00,1.0751,1.0917,1.0708,1.0909
2024-12-02 01:00:00,1.0728,1.0851,1.0711,1.0753
2024-12-02 00:45:00,1.0857,1.0857,1.0697,1.0725
2024-12-02 00:30:00,1.089,1.0945,1.0827,1.0858
2024-12-02 00:15:00,1.093,1.0933,1.0822,1.0891
2024-12-02 00:00:00,1.0973,1.1079,1.0903,1.0933
2024-12-01 23:45:00,1.1008,1.1019,1.0913,1.0971
2024-12-01 23:30:00,1.1022,1.1023,1.0922,1.1009
2024-12-01 23:15:00,1.1031,1.1076,1.0988,1.1024
2024-12-01 23:00:00,1.102,1.1065,1.1001,1.1032
2024-12-01 22:45:00,1.0987,1.1046,1.0946,1.102
2024-12-01 22:30:00,1.0953,1.1031,1.095,1.0986
2024-12-01 22:15:00,1.0921,1.102,1.088,1.0953
2024-12-01 22:00:00,1.0924,1.1058,1.0901,1.0921
2024-12-01 21:45:00,1.0988,1.0995,1.088,1.0924
2024-12-01 21:30:00,1.0914,1.0999,1.0892,1.0993
2024-12-01 21:15:00,1.0762,1.0929,1.0759,1.0913
2024-12-01 21:00:00,1.0707,1.0778,1.0663,1.0763
2024-12-01 20:45:00,1.0732,1.0755,1.0706,1.0708
2024-12-01 20:30:00,1.0649,1.0761,1.0627,1.0735
2024-12-01 20:15:00,1.0678,1.0756,1.0623,1.0646
2024-12-01 20:00:00,1.08,1.0828,1.0645,1.0679
2024-12-01 19:45:00,1.0732,1.0804,1.0666,1.0803
2024-12-01 19:30:00,1.0834,1.0851,1.0729,1.0734
2024-12-01 19:15:00,1.0796,1.0835,1.074,1.0834
2024-12-01 19:00:00,1.0814,1.0844,1.0757,1.0801
2024-12-01 18:45:00,1.0825,1.087,1.0771,1.0813
2024-12-01 18:30:00,1.0837,1.0852,1.079,1.0826
2024-12-01 18:15:00,1.0818,1.0844,1.0775,1.0837
2024-12-01 18:00:00,1.0853,1.0889,1.0809,1.0817
2024-12-01 17:45:00,1.0851,1.0867,1.0836,1.0852
2024-12-01 17:30:00,1.0787,1.0856,1.0769,1.085
2024-12-01 17:15:00,1.0838,1.084,1.0755,1.0781
2024-12-01 17:00:00,1.0864,1.088,1.0763,1.084
2024-12-01 16:45:00,1.0965,1.0972,1.0817,1.086
2024-12-01 16:30:00,1.0939,1.0995,1.0881,1.0966
2024-12-01 16:15:00,1.0933,1.1,1.0884,1.0934
2024-12-01 16:00:00,1.0783,1.0959,1.0783,1.0938
2024-12-01 15:45:00,1.0888,1.091,1.0756,1.0783
2024-12-01 15:30:00,1.0894,1.0942,1.0844,1.0889
2024-12-01 15:15:00,1.0732,1.0896,1.0655,1.0894
2024-12-01 15:00:00,1.0771,1.0789,1.0714,1.0732
2024-12-01 14:45:00,1.074,1.0785,1.0692,1.0773
2024-12-01 14:30:00,1.064,1.0744,1.0629,1.074
2024-12-01 14:15:00,1.0545,1.065,1.0538,1.0639
2024-12-01 14:00:00,1.0488,1.0583,1.0467,1.0544
2024-12-01 13:45:00,1.0473,1.0528,1.0437,1.0487
2024-12-01 13:30:00,1.0497,1.057,1.0468,1.0476
2024-12-01 13:15:00,1.0452,1.0533,1.0442,1.0497
2024-12-01 13:00:00,1.0432,1.0453,1.0377,1.0452
2024-12-01 12:45:00,1.0422,1.0433,1.0374,1.0432
2024-12-01 12:30:00,1.0473,1.0474,1.0418,1.0427
2024-12-01 12:15:00,1.0504,1.053,1.0446,1.0474
2024-12-01 12:00:00,1.0562,1.0566,1.0489,1.0505
2024-12-01 11:45:00,1.0607,1.0622,1.0546,1.0561
2024-12-01 11:30:00,1.0487,1.0608,1.0476,1.0606
2024-12-01 11:15:00,1.0389,1.0517,1.0368,1.0487
2024-12-01 11:00:00,1.036,1.039,1.0334,1.0388
2024-12-01 10:45:00,1.0333,1.0363,1.031,1.0361
2024-12-01 10:30:00,1.0363,1.037,1.0283,1.0334
2024-12-01 10:15:00,1.036,1.0425,1.0333,1.0364
2024-12-01 10:00:00,1.0398,1.0403,1.0355,1.0362
2024-12-01 09:45:00,1.0363,1.0403,1.0352,1.04
2024-12-01 09:30:00,1.0305,1.0366,1.0295,1.036
2024-12-01 09:15:00,1.033,1.0352,1.029,1.0304
2024-12-01 09:00:00,1.0378,1.0394,1.0315,1.033
2024-12-01 08:45:00,1.0389,1.0428,1.0367,1.038
2024-12-01 08:30:00,1.0309,1.0392,1.0289,1.0389
2024-12-01 08:15:00,1.0323,1.0348,1.0295,1.0307
2024-12-01 08:00:00,1.0266,1.0332,1.0242,1.032
2024-12-01 07:45:00,1.0299,1.0331,1.0265,1.0266
2024-12-01 07:30:00,1.0299,1.0331,1.0294,1.0302
2024-12-01 07:15:00,1.0237,1.0303,1.0237,1.0299
2024-12-01 07:00:00,1.0287,1.0289,1.0233,1.0236
2024-12-01 06:45:00,1.0296,1.0331,1.027,1.0285
2024-12-01 06:30:00,1.0288,1.0328,1.0287,1.0296
2024-12-01 06:15:00,1.0289,1.0325,1.0262,1.0288
2024-12-01 06:00:00,1.0244,1.0316,1.0232,1.0287
2024-12-01 05:45:00,1.031,1.0341,1.0231,1.0242
2024-12-01 05:30:00,1.0275,1.0309,1.0231,1.0309
2024-12-01 05:15:00,1.025,1.0292,1.0244,1.027
2024-12-01 05:00:00,1.0313,1.0313,1.0243,1.0252
2024-12-01 04:45:00,1.0285,1.0343,1.0278,1.0313
2024-12-01 04:30:00,1.0297,1.0344,1.0286,1.0286
2024-12-01 04:15:00,1.0284,1.0309,1.0212,1.0297
2024-12-01 04:00:00,1.034,1.034,1.0275,1.0284
2024-12-01 03:45:00,1.0371,1.0395,1.032,1.0341
2024-12-01 03:30:00,1.0401,1.0416,1.0354,1.0371
2024-12-01 03:15:00,1.0406,1.0454,1.0373,1.0406
2024-12-01 03:00:00,1.0275,1.0409,1.0272,1.0404
2024-12-01 02:45:00,1.0302,1.0354,1.0247,1.0267
2024-12-01 02:30:00,1.0424,1.0431,1.025,1.0299
2024-12-01 02:15:00,1.0369,1.0455,1.0321,1.0422
2024-12-01 02:00:00,1.0369,1.0489,1.0352,1.0372
2024-12-01 01:45:00,1.0434,1.0459,1.0307,1.037
2024-12-01 01:30:00,1.0386,1.0456,1.0375,1.0435
2024-12-01 01:15:00,1.0325,1.0416,1.0236,1.0387
2024-12-01 01:00:00,1.0387,1.042,1.0303,1.0326
2024-12-01 00:45:00,1.0422,1.0488,1.0366,1.0383
2024-12-01 00:30:00,1.0574,1.0582,1.0377,1.0424
2024-12-01 00:15:00,1.058,1.0621,1.054,1.0575
2024-12-01 00:00:00,1.0465,1.0635,1.0431,1.0584
